cat,url
3d,/tool/captures.lumalabs.ai-imagine
3d,/tool/kaedim3d.com
3d,/tool/deepmotion.com
3d,/tool/vizcom.ai
3d,/tool/make3d.app
3d,/tool/masterpiecestudio.com
3d,/tool/3dfy.ai
3d,/tool/reallife3d.com
3d,/tool/alpha3d.io
3d,/tool/draw3d.online
3d,/tool/dream3d.com
3d,/tool/github.com-openai-point-e
3d,/tool/csm.ai-any-image-to-3d
3d,/tool/g3d.ai
3d,/tool/withpoly.com
3d,/instant-tool/shap-e
3d,/tool/anything.world
3d,/tool/poly.cam
3d,/tool/maketafi.com-ai
3d,/tool/chatcad.app
3d,/tool/spline.design-ai
academics,/tool/caktus.ai
academics,/tool/blainy.com
academics,/tool/consensus.app
academics,/tool/chatpdf.com
academics,/tool/gajix.com
academics,/tool/openread.academy-home
academics,/tool/academicgpt.net
academics,/tool/agilabs.org-ai-helpers-home
academics,/tool/explainpaper.com
academics,/tool/x.writefull.com-academizer
academics,/tool/semanticscholar.org
academics,/tool/cheatgpt.app
academics,/tool/collegetools.io
academics,/tool/gonerdify.com-nerdybot
academics,/tool/intmath.com-help-ai-problem-solver-home.php
academics,/tool/homeworkify.website
academics,/tool/brainypdf.com
academics,/tool/stadai.com
academics,/tool/connectedpapers.com
academics,/tool/learngpt.art
academics,/tool/isaaceditor.com
advertising,/tool/adcreative.ai
advertising,/tool/meetotis.com
advertising,/tool/madgicx.com
advertising,/tool/smart-ads.unbounce.com
advertising,/tool/adyouneed.com
advertising,/tool/clickable.so
advertising,/tool/posterstudio.ai
advertising,/tool/daydrm.ai
advertising,/tool/aiter.io
advertising,/tool/adcopy.ai
advertising,/tool/texti.app
advertising,/tool/copycopai.com
advertising,/tool/tunetheads.com
advertising,/tool/omneky.com
advertising,/tool/quantplus.io
advertising,/tool/influencermarketing.ai
advertising,/tool/trypencil.com
advertising,/tool/adsgency.ai
advertising,/tool/adinsights.ai
advertising,/tool/ai-ads.net
advertising,/tool/adpost.com-create-ai
agent,/tool/echobase.ai
agent,/tool/github.com-muellerberndt-micro-gpt
agent,/tool/camelagi.thesamur.ai
agent,/tool/auto-agentgpt.com-en
agent,/tool/telewizard.ai
agent,/tool/typemagic.com
aggregator,/tool/promptpal.net
aggregator,/tool/aiwizard.ai
aggregator,/tool/library.phygital.plus
aggregator,/tool/allthingsai.com
aggregator,/tool/futurepedia.io
aggregator,/tool/theresanaiforthat.com
aggregator,/tool/saasaitools.com
aggregator,/tool/aicyclopedia.com
aggregator,/tool/ai-finder.net
aggregator,/tool/smokingrobot.ai
aggregator,/tool/topai.tools
aggregator,/tool/aidepot.co
aggregator,/tool/supertools.therundown.ai
aggregator,/tool/gpt3demo.com
aggregator,/tool/futuretools.io
aggregator,/tool/popularaitools.ai
aggregator,/tool/whatplugin.ai
aggregator,/tool/aiawesome.com
aggregator,/tool/favird.com
aggregator,/tool/airadar.getinference.com
aggregator,/tool/bestai.fyi
analytics,/tool/breadcrumbs.io-reveal
analytics,/tool/geniussheets.com
analytics,/tool/owlbot.ai
analytics,/tool/therocketbrew.com-jeeves
analytics,/tool/askedith.ai
analytics,/tool/uselookup.com
analytics,/tool/viralviews.co
analytics,/tool/anania.ai
analytics,/tool/datawise.vercel.app
analytics,/tool/monkeylearn.com
analytics,/tool/intellibase.io
analytics,/tool/olli.ai
analytics,/tool/hal9.com
analytics,/tool/analisa.io
analytics,/tool/workspace.google.com-marketplace-app-simple_ml_for_sheets-685936641092
analytics,/tool/insight7.io
analytics,/tool/vizologi.com
analytics,/tool/wisedata.app
analytics,/tool/algolia.com-products-recommendations
analytics,/tool/akkio.com
analytics,/tool/meetmaya.world
animation,/tool/reface.ai-unboring
animation,/tool/toonify.photos
animation,/tool/artflow.ai
animation,/tool/animatable-web.vercel.app
animation,/tool/github.com-iperov-deepfacelab
animation,/tool/convert.leiapix.com
animation,/tool/sketch.metademolab.com
animation,/tool/animagic.app
animation,/tool/myheritage.com-deep-nostalgia
animation,/tool/tokkingheads.com
animation,/tool/synthesia.io
animation,/tool/comicsmaker.ai
animation,/tool/stability.ai-blog-stable-animation-sdk
animation,/tool/convai.com
animation,/tool/github.com-yemount-pose-animator
animation,/tool/plask.ai
animation,/tool/movmi.co
animation,/tool/charactr.com
animation,/tool/repliq.co-ai-videos
animation,/tool/lumalabs.ai
animation,/tool/rawshorts.com
anime,/tool/apps.apple.com-us-app-anime-ai-art-avatar-generator-id1660030970
anime,/tool/holara.ai
anime,/tool/onlyhentai.ai
anime,/tool/instawaifu.ai
anime,/tool/onlywaifus.ai
anime,/tool/smexy.ai
anime,/tool/soulgen.net
anime,/tool/foxify.art
anime,/tool/freeaihentaigenerator.com
anime,/tool/pixai.art
anime,/tool/korewa.ai
anime,/tool/aihentai.co-generate
anime,/tool/animeai.lol
anime,/tool/yodayo.com
anime,/tool/waifulabs.com
anime,/tool/apps.apple.com-app-apple-store-id6445922691
anime,/tool/animeart.studio
anime,/tool/hentaigenerator.com
anime,/tool/aihentaigenerator.net
anime,/tool/nijijourney.com-en
anime,/tool/pephop.ai-tags-47_characters-with-tag-furry
answers,/tool/chatgenius.tech
answers,/tool/iask.ai
answers,/tool/wolframalpha.com
answers,/tool/atomic-habits-gpt.vercel.app
answers,/tool/teach-anything.com
answers,/tool/askbooks.ai
answers,/tool/askyoutube.ai
answers,/tool/yourstudygpt.com
answers,/tool/noowai.com
answers,/tool/lemonado.io-ai
answers,/tool/myaskai.com-tweet-me
api,/tool/pdfgpt.io
api,/tool/chat.m64.in
api,/tool/httpie.io
api,/tool/tryleap.ai
api,/tool/aikit.tech
api,/tool/pretrained.ai
api,/tool/edenai.co
api,/tool/apitobot.io
api,/tool/perspectiveapi.com
api,/tool/labs.kagi.com-fastgpt
api,/tool/httpie.io-ai
api,/tool/conektto.io
api,/tool/carbon.ai
api,/tool/cohere.com
api,/tool/steamship.com-build-prompt-apis
api,/tool/bullshitdetector.tech
api,/tool/rapidapi.com-hailbytes-hailbytes-default-api-sms-fraud-detection
api,/tool/monsterapi.ai
api,/tool/unfetch.com
api,/tool/asknews.demo.vectara.com
api,/tool/askfeynman.demo.vectara.com
art generator,/tool/instant-portrait.com
art generator,/tool/arthub.ai
art generator,/tool/mage.space
art generator,/tool/neural.love
art generator,/tool/piggy.to-magic
art generator,/tool/imagetocartoon.com
art generator,/tool/promptomania.com
art generator,/tool/getimg.ai
art generator,/tool/appintro.io-ai-story-generator-novel-writer
art generator,/tool/freepik.com-ai-image-generator
art generator,/tool/eraser.io-diagramgpt
art generator,/tool/thomas.io-stable-diffusion-prompt-generator
art generator,/tool/miniapps.ai
art generator,/tool/digitalmuses.ai
art generator,/tool/dreamlike.art
art generator,/tool/xinva.ai-ai-furry-art-generator
art generator,/tool/krea.ai
art generator,/tool/promptmakr.com
art generator,/tool/hotpot.ai-art-generator
art generator,/tool/portraitai.app
art generator,/tool/aiartapps.com
art,/tool/designs.ai
art,/tool/customstorycreator.com
art,/tool/civitai.com
art,/tool/huggingface.co-lunarfish-furrydiffusion
art,/tool/experiments.withgoogle.com-autodraw
art,/tool/drawit.art
art,/tool/aragon.ai
art,/tool/midjourney.com
art,/tool/wombo.art
art,/tool/quasi.market
art,/tool/pollinations.ai
art,/tool/socialbook.io-cartoonize
art,/tool/thismodeldoesnotexist.co
art,/tool/superprompts.com
art,/tool/illustroke.com
art,/tool/patience.ai-create
art,/tool/myarchitectai.com
art,/tool/recraft.ai
art,/tool/paperwizard.ai
art,/tool/artsio.xyz
art,/tool/sketchpro.ai
articles,/tool/articlewriterai.org
articles,/tool/mobilespoon.net-2023-01-how-to-activate-chatgpt-with-siri-and-save-response.html
articles,/tool/autoblogging.ai
articles,/tool/byword.ai
articles,/tool/draftsai.com
articles,/tool/enveurope.springeropen.com-articles-10.1186-s12302-023-00787-4
articles,/tool/chord.ooo
artificial intelligence,/tool/leonardo.ai
artificial intelligence,/tool/conceptmap.ai
artificial intelligence,/tool/discovertools.io
artificial intelligence,/tool/craftura-ai.cloud
artificial intelligence,/tool/agentgpt.reworkd.ai
artificial intelligence,/tool/freeaikit.com
artificial intelligence,/tool/makepose.com
artificial intelligence,/tool/ai.google
artificial intelligence,/tool/sttabot.io
artificial intelligence,/tool/undress.love
artificial intelligence,/tool/news.thesamur.ai
artificial intelligence,/tool/generate.nextatlas.com
artificial intelligence,/tool/impossibleimages.ai
artificial intelligence,/tool/stability.ai
artificial intelligence,/tool/deepagency.com
artificial intelligence,/tool/shop.gutenberghub.com-ai-writer
artificial intelligence,/tool/open.ai
artificial intelligence,/tool/fashionai.me
artificial intelligence,/tool/workplaceai.netlify.app
artificial intelligence,/tool/storybird.ai
artificial intelligence,/tool/aicontentlabs.com
assistant,/tool/stork.ai-aya
assistant,/tool/heybuddy.one
assistant,/tool/gnbly.com
assistant,/tool/getmagicmate.com
astrology,/tool/astrogpt.pages.dev
astrology,/tool/astroguide.ai
astrology,/tool/astrogpt.pages.dev-sign-in
astrology,/tool/authorityastrology.com-calculators-birth-chart
astrology,/tool/jeffreycelavie.team
astrology,/tool/vedicastrogpt.com
audio,/tool/studio.themetavoice.xyz
audio,/tool/vocalremover.com
audio,/tool/podcast.adobe.com-enhance
audio,/tool/vocalremover.org
audio,/tool/storypear.com
audio,/tool/voicemod.net
audio,/tool/audiostrip.co.uk
audio,/tool/clonemyvoice.io
audio,/tool/myvocal.ai
audio,/tool/clip.audio
audio,/tool/listnr.tech
audio,/tool/fineshare.com-finevoice
audio,/tool/celebvoice.my.canva.site
audio,/tool/resemble.ai
audio,/tool/lalal.ai
audio,/tool/musicfy.lol
audio,/tool/voicify.ai
audio,/tool/eraserapp.dwave.cc-en
audio,/tool/dupdub.com
audio,/tool/cleanvoice.ai
audio,/tool/acapella-extractor.com-en
automation,/tool/levity.ai
automation,/tool/cheatlayer.com
automation,/tool/ai.flexberry.net
automation,/tool/autogpt.thesamur.ai
automation,/tool/aiagent.app
automation,/tool/digicuratoragency.com-grambotplus
automation,/tool/hexomatic.com
automation,/tool/itemery.com
automation,/tool/growthmaister.com
automation,/tool/super.ai
automation,/tool/diagrammingai.com
automation,/tool/duinocodegenerator.com
automation,/tool/cognosys.ai
automation,/tool/webcafeai.com-botbrew-io-landing
automation,/tool/wps.ai
automation,/tool/autoblogging.pro
automation,/tool/mygpt.thesamur.ai
automation,/tool/promptxart.com
automation,/tool/fluentify.io
automation,/tool/ai2sql.io
automation,/tool/gptkit.ai
automotive,/tool/cardiagnosis.softr.app
automotive,/tool/autopredict.co.uk
automotive,/tool/carfit.ai
automotive,/tool/stylemyride.ai
avatars,/tool/dreampic.ai
avatars,/tool/amazing.photos
avatars,/tool/generated.photos-face-generator
avatars,/tool/myheritage.com-ai-time-machine
avatars,/tool/photoshot.app
avatars,/tool/posed.ai
avatars,/tool/aivatarapp.com
avatars,/tool/imgcreator.zmo.ai-aistudio
avatars,/tool/aiprofilepictures.com
avatars,/tool/arti.pics
avatars,/tool/socialbook.io-ai-avatar
avatars,/tool/generated.photos-human-generator
avatars,/tool/aiprofilepic.art
avatars,/tool/kinetix.tech
avatars,/tool/onlyrizz.ai
avatars,/tool/avaturn.me
avatars,/tool/aiphotos.ai
avatars,/tool/readyplayer.me
avatars,/tool/avatarsdk.com
avatars,/tool/avtrs.ai
avatars,/tool/in3d.io
beauty,/tool/yesber.com
beauty,/tool/glowy.ai
beauty,/tool/aihairstyles.com
beauty,/tool/glowai.xyz
beauty,/tool/hairstyle.cvhtechnology.com
beauty,/tool/razorveda.in-pages-customised-facecare-products
beauty,/tool/aipredict.vercel.app
beauty,/tool/apps.apple.com-app-apple-store-id1621101995
beauty,/tool/robomua.com-consumer
beauty,/tool/findmyperfumes.com
beauty,/tool/glow-ai.vercel.app
blockchain,/tool/chaingpt.org
blockchain,/tool/chainintel.info
blockchain,/tool/smarttrust.io
blockchain,/tool/enzyme.so
blockchain,/tool/messengerx.io-satoshi-nakamoto
books,/tool/childbook.ai
books,/tool/allsearch.ai
books,/tool/getbooknotes.com
books,/tool/maigic.world
books,/tool/askmybook.com
books,/tool/findyournextbook.ai
books,/tool/imajinn.ai-storybook
books,/tool/readthistwice.com-sona
books,/tool/books.google.com-talktobooks
books,/tool/summarist.ai
books,/tool/intellisummary.com
books,/tool/bookedit.cloud
books,/tool/randomgenerate.io-ai-book-title-generator
books,/tool/nextthreebooks.com
books,/tool/crowdview.ai
books,/tool/bookabout.io
books,/tool/librarian-ai.com
books,/tool/booksai.app
books,/tool/createbookai.com
books,/tool/bookclub.ai
books,/tool/kindredtales.net
branding,/tool/aiseo.ai-templates-slogan-generator.html
branding,/tool/namify.tech
branding,/tool/namelix.com
branding,/tool/smartynames.com
branding,/tool/domainfinderai.com
branding,/tool/namewizard.ai
branding,/tool/domainsg.pt
branding,/tool/useslingshot.com-swagai
branding,/tool/namique.xyz
branding,/tool/brandscriptgenerator.com
branding,/tool/ubrand.com
branding,/tool/freelogo.co
branding,/tool/buildyourbrand-ai.com
branding,/tool/caliberai.net
branding,/tool/brandsnap.ai
branding,/tool/ainamehub.com
branding,/tool/namebrewery.com
branding,/tool/strategyfirstai.gumroad.com-l-personaandusp
branding,/tool/techoctave.com
branding,/tool/brandmate.ai
branding,/tool/notbyai.fyi
business,/tool/outfitsai.com
business,/tool/entreresource.com-chatgpt-cheat-sheet
business,/tool/ideabuddy.com
business,/tool/business-generator.vercel.app
business,/tool/bizideas.ai
business,/tool/venturusai.com
business,/tool/tally.so-r-npeJgq
business,/tool/bizway.io
business,/tool/userpersona.dev
business,/tool/business-ai.vercel.app
business,/tool/aibusinesstool.com
business,/tool/namesnack.com
business,/tool/swotanalysis.dev
business,/tool/letsrevive.app
business,/tool/branition.com-business-name-generator
business,/tool/util-ai.com
business,/tool/mypitchdeck.com
business,/tool/buildai.space-app-my-approach
business,/tool/armchair.ai
business,/tool/dimeadozen.ai
business,/tool/freeblogpostgenerator.com
career,/tool/resumeworded.com-index.php
career,/tool/preppally.com-career-linkedin-elevator-pitch-ai
career,/tool/careerflow.ai
career,/tool/unschooler.me
career,/tool/careerhub-ai.com
career,/tool/kickresume.com
career,/tool/thisresumedoesnotexist.com
career,/tool/skillroads.com
career,/tool/uniglobalcareers.com-cv-generator
career,/tool/globalpredictions.com
career,/tool/demo.useliftoff.com
career,/tool/preppally.com-career-resume-ai
career,/tool/aiassistedjobs.com
career,/tool/preppally.com-career-path-ai
career,/tool/coverletterwrite.com
career,/tool/careered.ai
career,/tool/coverletter-ai.com
career,/tool/WriteMeACoverLetter.com
career,/tool/careerdekho.ai
career,/tool/fixmyresume.xyz
career,/tool/kadoa.com-joblens
chat,/tool/pillowtalks.chat
chat,/tool/inlovewith.com-apps-her
chat,/tool/mapt.events
chat,/tool/chat-example.langa.me
chat,/tool/experai.com
chat,/tool/chat8b.online
chat,/tool/rawquery.com
chat,/tool/chatpad.ai
chat,/tool/aigirl.sense-ocean.com
chat,/tool/meetanai.com
chat,/tool/ival-mbzuai.com-video-chatgpt
chat,/tool/tandem-gpt.com
chat,/tool/gpt-assist.es
chat,/tool/typingmind.com
chat,/tool/infiniteconversation.com
chat,/tool/muah.ai
chat,/tool/js.design-ai
chat,/tool/bollywoodai.app
chat,/tool/chat.colossalai.org
chat,/tool/gptionary.com
chat,/tool/t.me-ai_helper_gpt_bot
chatbot,/tool/chatgot.io
chatbot,/tool/chatbase.co
chatbot,/tool/netwrck.com
chatbot,/tool/gptzero.me
chatbot,/tool/sexterai.net
chatbot,/tool/beta.character.ai
chatbot,/tool/ora.ai
chatbot,/tool/chatgenie.xyz
chatbot,/tool/diffusion.chat
chatbot,/tool/personalityforge.com
chatbot,/tool/freeunlimitedchatbot.netlify.app
chatbot,/tool/chatbotkit.com-apps-peopleai
chatbot,/tool/chatbot.com-features
chatbot,/tool/spicychat.ai
chatbot,/tool/stripchats.ai
chatbot,/tool/dolores.app
chatbot,/tool/cuilchat.com
chatbot,/tool/bot3.ai-en
chatbot,/tool/joiai.com
chatbot,/tool/ghola.ai
chatbot,/tool/ownchat.me
chatgpt,/tool/ordinarypeopleprompts.com
chatgpt,/tool/github.com-f-awesome-chatgpt-prompts
chatgpt,/tool/chat.chatgptdemo.net
chatgpt,/tool/openai.com-blog-chatgpt-plugins
chatgpt,/tool/chrome.google.com-webstore-detail-enhanced-chatgpt-search-p-nijlhkhkkhnhidoondiobjdgommomifm
chatgpt,/tool/chai.ml
chatgpt,/tool/getgptapi.com
chatgpt,/tool/chrome.google.com-webstore-detail-chatgpt-super-supports-gp-nijlhkhkkhnhidoondiobjdgommomifm
chatgpt,/tool/godinabox.co
chatgpt,/tool/chatgptdemo.net
chatgpt,/tool/workflos.ai
chatgpt,/tool/chatgptduo.com
chatgpt,/tool/twitterbio.com
chatgpt,/tool/textgpt.chat
chatgpt,/tool/noluai.com
chatgpt,/tool/gista.co
chatgpt,/tool/stork.ai-aya
chatgpt,/tool/braintune.ai
chatgpt,/tool/chatgptinfinity.com
chatgpt,/tool/6b.eleuther.ai
chatgpt,/tool/uminal.com
chrome extensions,/tool/glasp.co-youtube-summary
chrome extensions,/tool/chatgptwriter.ai
chrome extensions,/tool/sites.google.com-view-imageprompter
chrome extensions,/tool/gimmesummary.ai
chrome extensions,/tool/heysheldon.com
chrome extensions,/tool/chatgpt4google.com
chrome extensions,/tool/axiom.ai
chrome extensions,/tool/chatgpt4youtube.com
chrome extensions,/tool/chrome.google.com-webstore-detail-promptly-cbbcphmidjdoikocpbjohadbncadphkh
chrome extensions,/tool/promptstorm.app
chrome extensions,/tool/chrome.google.com-webstore-detail-chathub-all-in-one-chatbo-iaakpnchhognanibcahlpcplchdfmgma
chrome extensions,/tool/eightify.app
chrome extensions,/tool/browsegpt.ai
chrome extensions,/tool/writegpt.ai
chrome extensions,/tool/gptprompter.com
chrome extensions,/tool/tweetassist.ai
chrome extensions,/tool/tweept3.com
chrome extensions,/tool/regie.ai
chrome extensions,/tool/chrome.google.com-webstore-detail-read-something-bcagnbmncmeliaknnhmbkkgackfipoic
chrome extensions,/tool/monica.im
chrome extensions,/tool/bladerunner.ai
coaching,/tool/bunch.ai
coaching,/tool/poised.com
coaching,/tool/socra.com
coaching,/tool/coachvox.ai
coaching,/tool/aicoachbud.com
coaching,/tool/getsystem2.com
coaching,/tool/voiceops.com
coaching,/tool/insightful.page
coaching,/tool/ai.prodi.gg
coaching,/tool/interflexion.com
coaching,/tool/wonderway.io-wonderway-coach-ai
coaching,/tool/sportsparks.io
coaching,/tool/dailywins.ai
coaching,/tool/coachpoints.ai
coaching,/tool/ixcoach.com
coaching,/tool/trellus.ai
coaching,/tool/heightsplatform.com-features-coaching
coaching,/tool/apps.apple.com-it-app-theach-id6443653722
coaching,/tool/interviewbot.com
coaching,/tool/wave.ai
coaching,/tool/centenarian.co
coding,/tool/zzzcode.ai
coding,/tool/spellbox.app
coding,/tool/explain.dev
coding,/tool/warrior.js.org
coding,/tool/replit.com
coding,/tool/codeamigo.dev
coding,/tool/github.com-features-preview-copilot-x
coding,/tool/kobra.dev
coding,/tool/codementorgpt.com
coding,/tool/gitgab.ai
coding,/tool/docs.sourcegraph.com-cody
coding,/tool/coding-guru-liart.vercel.app
coding,/tool/glowbom.com
coding,/tool/hackerman.ai
coding,/tool/githubnext.com-projects-hey-github
coding,/tool/turing.school
coding,/tool/bettersynonyms.com
coding,/tool/lightly-dev.com
coding,/tool/github.com-kevmo314-magic-copy
coding,/tool/messengerx.io-thecoder
coding,/tool/cursor.so
collaboration,/tool/notion.so-product-ai
collaboration,/tool/gitmind.com
collaboration,/tool/literallyanything.io
collaboration,/tool/qatalog.com
collaboration,/tool/hiverhq.com-harvey-ai-customer-support
collaboration,/tool/fabric.so
collaboration,/tool/relayed.ai
collaboration,/tool/voiceflow.com
collaboration,/tool/tonydoor.co
collaboration,/tool/quickie.ai
collaboration,/tool/ayanza.com
collaboration,/tool/ai-demo.tiptap.dev-bcccdwkkkn
collaboration,/tool/markovml.com
collaboration,/tool/rephraser.vercel.app
collaboration,/tool/moonbeam.ai
collaboration,/tool/operand.ai-teams
collaboration,/tool/clay.earth-nexus
collaboration,/tool/spotvirtual.com
collaboration,/tool/usesuperflow.com-rewrite-chatgpt
collaboration,/tool/zoom.us
collaboration,/tool/slack.com-blog-news-introducing-slack-gpt
communication,/tool/zozoapp.co
communication,/tool/api.whatsapp.com-message-o3fmez4nv2e4o1
communication,/tool/smartwriter.ai
communication,/tool/coolmindmaps.com
communication,/tool/linguix.com-business
communication,/tool/voicegpt.us
communication,/tool/simplephones.ai
communication,/tool/dailybot.ai
communication,/tool/callassistant.ai
communication,/tool/chatwithpdf.in
communication,/tool/thankyounote.app
communication,/tool/voxwaveai.com
communication,/tool/stork.ai
communication,/tool/getdost.com
communication,/tool/api.whatsapp.com-message-ggwyrloo2377f1
communication,/tool/api.whatsapp.com-send
communication,/tool/howtoreply.ai
communication,/tool/kaizan.ai
communication,/tool/thesamur.ai-login
communication,/tool/lettergram.net
communication,/tool/api.whatsapp.com-message-wgpytbdgaw74m1
computer vision,/tool/aws.amazon.com-rekognition
computer vision,/tool/datature.io
computer vision,/tool/github.com-iperov-deepfacelive
computer vision,/tool/flypix.ai
computer vision,/tool/pjreddie.com-darknet-yolo
computer vision,/tool/roc.ai
computer vision,/tool/robovision.ai-product-platform
computer vision,/tool/duckduckgoose.ai-detector
computer vision,/tool/app.chooch.ai-app-ready-now-models
computer vision,/tool/imagegeneratorai.vercel.app
computer vision,/tool/siwalusoftware.com
computer vision,/tool/navan.ai
computer vision,/tool/landing.ai
computer vision,/tool/viact.ai-vibot
computer vision,/tool/ramanlabs.in-static-hachi.html
computer vision,/tool/powerbiailens.com
computer vision,/tool/remyx.ai-index.html
computer vision,/tool/chooch.com
computer vision,/tool/screenshot2code.com
content creation,/tool/undetectable.ai
content creation,/tool/icerik.ekayazilim.com.tr
content creation,/tool/yarnit.app
content creation,/tool/copy.ai
content creation,/tool/digimarkai.com
content creation,/tool/scripai.com
content creation,/tool/magicblog.ai
content creation,/tool/surferseo.com-free-article-outline-generator
content creation,/tool/aicopymastery.com-chatgpt-prompt-designer
content creation,/tool/nubrain.ai
content creation,/tool/ai-suggests.com
content creation,/tool/aicontentzy.com
content creation,/tool/simplified.com
content creation,/tool/contentbot.ai
content creation,/tool/inkforall.com
content creation,/tool/getaikit.com
content creation,/tool/epagestore.ai
content creation,/tool/maker.ai
content creation,/tool/contents.com
content creation,/tool/articly.ai
content creation,/tool/tubeboost.pro
copywriting,/tool/headlinesai.pro
copywriting,/tool/vwo.com-ab-testing-openai-gpt-3
copywriting,/tool/tools.picsart.com-text-ai-writer
copywriting,/tool/jotapp.tech
copywriting,/tool/copyleaks.com
copywriting,/tool/aigeneratorkit.com
copywriting,/tool/productlisting.ai
copywriting,/tool/leadscripts.co
copywriting,/tool/copymonkey.ai
copywriting,/tool/anyword.com
copywriting,/tool/autowrite.app
copywriting,/tool/aiexplorar.com
copywriting,/tool/plagiarismcheck.org-ai-plagiarism-checker-and-content-detector
copywriting,/tool/textcortex.com
copywriting,/tool/yaara.ai
copywriting,/tool/blaze.ai
copywriting,/tool/templify.ai
copywriting,/tool/copify.ai
copywriting,/tool/writeseed.com
copywriting,/tool/on-target.ai
copywriting,/tool/copygenius.io
customer support,/tool/gapscout.com
customer support,/tool/gpt-ppt.neftup.app
customer support,/tool/no-code-ai-model-builder.com
customer support,/tool/resolveai.co
customer support,/tool/poly.ai
customer support,/tool/customerping.ai
customer support,/tool/t.me-chatlive_ai_bot
customer support,/tool/tiledesk.com
customer support,/tool/echo.win
customer support,/tool/next.alterra.ai-home-answers-zendesk
customer support,/tool/essense.io
customer support,/tool/sapling.ai
customer support,/tool/waanee.ai
customer support,/tool/coora-ai.com-ask-ai
customer support,/tool/sonero.ai
customer support,/tool/typewise.app
customer support,/tool/algomo.com
customer support,/tool/zencall.ai
customer support,/tool/cohere.io
customer support,/tool/livechatai.com
customer support,/tool/myaifrontdesk.com
data,/tool/case-study-page-nanonets.webflow.io-ocr-api
data,/tool/vizly.fyi
data,/tool/columns.ai-chatgpt
data,/tool/avanz.ai
data,/tool/formx.ai
data,/tool/datasquirrel.ai
data,/tool/elusidate.app
data,/tool/zbrain.ai
data,/tool/rows.com-ai
data,/tool/askcsv.com
data,/tool/compact-data-science.com
data,/tool/arcwise.app-ai
data,/tool/superannotate.com
data,/tool/celebrated-kitten-367f1f.netlify.app
data,/tool/prodi.gy
data,/tool/telusinternational.com-solutions-ai-data-solutions
data,/tool/graphy.app
data,/tool/ossinsight.io-explore
data,/tool/askviable.com
data,/tool/rose.ai
data,/tool/equals.com-ai
dating,/tool/myintimate.app
dating,/tool/discordpal.com
dating,/tool/autoseductionai.com
dating,/tool/apps.apple.com-us-app-ai-girlfriend-hot-girls-18-id6453412272
dating,/tool/ai-girlfriend.webflow.io
dating,/tool/apps.apple.com-us-app-ai-girlfriend-id1660966158
dating,/tool/flirtai.app
dating,/tool/flirtify.vercel.app
dating,/tool/hotconvo.art
dating,/tool/aicupid.org
dating,/tool/fantasygf.ai
dating,/tool/dates.ai
dating,/tool/yourmove.ai
dating,/tool/bobachats.com-boba-ai-companion
dating,/tool/datingai.pro
dating,/tool/chad-gpt.ai
dating,/tool/aipickuplines.com
dating,/tool/winggg.com
dating,/tool/elektrif.ai
dating,/tool/iwaifu.com
dating,/tool/aidating.bio
design,/tool/designer.microsoft.com
design,/tool/diagram.com
design,/tool/visily.ai
design,/tool/figma.com-community-plugin-1234140943476658588-text-to-design---ai-assistant
design,/tool/magician.design
design,/tool/icons8.com-lunacy
design,/tool/dimensions.ink
design,/tool/logoai.com
design,/tool/ppt.isheji.com
design,/tool/mockey.ai
design,/tool/stockimg.ai
design,/tool/sivi.ai
design,/tool/references.design
design,/tool/kittl.com
design,/tool/visualhound.com
design,/tool/canva.com-your-apps-text-to-image
design,/tool/rerenderai.com
design,/tool/hello@visualizeai.pro
design,/tool/venngage.com-tools-valentines-day-card-maker
design,/tool/khroma.co
design,/tool/withflair.ai
developer tools,/tool/code-mentor.ai
developer tools,/tool/replit.com-site-ghostwriter
developer tools,/tool/codeium.com
developer tools,/tool/code-reviewer.vercel.app
developer tools,/tool/promptitude.io
developer tools,/tool/seq.ascii-draw.com
developer tools,/tool/sourceai.dev
developer tools,/tool/codesquire.ai
developer tools,/tool/buildt.ai
developer tools,/tool/codesnippets.ai
developer tools,/tool/tabnine.com
developer tools,/tool/github.com-approximatelabs-sketch
developer tools,/tool/fine-tuner.ai
developer tools,/tool/promptable.ai
developer tools,/tool/github.com-smol-ai-developer
developer tools,/tool/github.com-features-copilot
developer tools,/tool/mutable.ai
developer tools,/tool/airtest.dev
developer tools,/tool/codeball.ai
developer tools,/tool/hiphops.io-ai
developer tools,/tool/documentationlab.com
documentation,/tool/docuwriter.ai
documentation,/tool/get.scribehow.com-lp-1
documentation,/tool/theneo.io
documentation,/tool/craft.do
documentation,/tool/mintlify.com
documentation,/tool/releasenote.ai
documentation,/tool/dewstack.com
documentation,/tool/mmntm.me-rfcai1686763051374
documentation,/tool/spindoc.ai
documentation,/tool/paceai.co
documentation,/tool/wraithdocs.com
documentation,/tool/docu-talk.com
documentation,/tool/docgpt.io
documentation,/tool/jargonnay.com
documentation,/tool/documate.site
documentation,/tool/docup.ai
documentation,/tool/awsdocsgpt.com
documentation,/tool/asktro.com
documentation,/tool/chat.daedalusfi.com
documents,/tool/visus.ai
documents,/tool/docalysis.com
documents,/tool/parsio.io
documents,/tool/macro.com
documents,/tool/chatbud.info
documents,/tool/pdf.ai
documents,/tool/chatwithpdf.sdan.io
documents,/tool/filedigest.ai
documents,/tool/chatdoc.com
documents,/tool/clarifypdf.com
documents,/tool/gpdf.cloud
documents,/tool/base64.ai
documents,/tool/typed.do
documents,/tool/chatur.mysticlabs.ai
documents,/tool/pdf.bluetickconsultants.com
documents,/tool/handl.ai
documents,/tool/askyourpdf.com
documents,/tool/prep.continualengine.com
documents,/tool/pdfparser.co
documents,/tool/nolej.io
documents,/tool/filechat.io
e commerce,/tool/octaneai.com
e commerce,/tool/markopolo.ai
e commerce,/tool/pipecandy.com
e commerce,/tool/ca.la
e commerce,/tool/snapart.shop
e commerce,/tool/ecommerceprompts.com
e commerce,/tool/branchbob.ai
e commerce,/tool/reetail.store
e commerce,/tool/evolup.com
e commerce,/tool/memegpt.thesamur.ai
e commerce,/tool/plumy.app
e commerce,/tool/gooey.ai
e commerce,/tool/sellesta.ai
e commerce,/tool/shopify.pxf.io-3ekn2n
e commerce,/tool/restogpt.ai
e commerce,/tool/nowdialogue.com
e commerce,/tool/getmanifest.ai
e commerce,/tool/dropy.ai
e commerce,/tool/frequently.ai
e commerce,/tool/wizishop.com
e commerce,/tool/appsumo.com-asksumo
e-commerce,/tool/octaneai.com
e-commerce,/tool/markopolo.ai
e-commerce,/tool/pipecandy.com
e-commerce,/tool/ca.la
e-commerce,/tool/snapart.shop
e-commerce,/tool/ecommerceprompts.com
e-commerce,/tool/branchbob.ai
e-commerce,/tool/reetail.store
e-commerce,/tool/evolup.com
e-commerce,/tool/memegpt.thesamur.ai
e-commerce,/tool/plumy.app
e-commerce,/tool/gooey.ai
e-commerce,/tool/sellesta.ai
e-commerce,/tool/shopify.pxf.io-3ekn2n
e-commerce,/tool/restogpt.ai
e-commerce,/tool/nowdialogue.com
e-commerce,/tool/getmanifest.ai
e-commerce,/tool/dropy.ai
e-commerce,/tool/frequently.ai
e-commerce,/tool/wizishop.com
e-commerce,/tool/appsumo.com-asksumo
education,/tool/cramly.ai
education,/tool/tutorai.me
education,/tool/beducated.com-ai
education,/tool/courseai.co
education,/tool/getquizwizard.com-en
education,/tool/teacherbot.io
education,/tool/mindsmith.ai
education,/tool/knowt.io
education,/tool/wisdolia.com
education,/tool/mathly.webflow.io
education,/tool/activerecallai.com
education,/tool/learnitive.com
education,/tool/ai.flashcardx.com
education,/tool/minicoursegenerator.com-ai-assistant
education,/tool/quizgecko.com
education,/tool/chat2course.com
education,/tool/learningstudioai.com
education,/tool/to-teach.ai
education,/tool/revisely.com-flashcard-generator
education,/tool/socratic.org
education,/tool/learnsmarter.ai
email,/tool/superreply.co
email,/tool/ai-mailer.com
email,/tool/rapidreply.ai
email,/tool/instantly.ai
email,/tool/finalscout.com
email,/tool/baruaai.com
email,/tool/scribbly.ai
email,/tool/klynk.ai
email,/tool/superflows.ai
email,/tool/warmer.ai
email,/tool/benchmarkemail.com-features-smart-content
email,/tool/nureply.com
email,/tool/superhuman.com
email,/tool/emailtriager.com
email,/tool/emailmagic.ai
email,/tool/quicklines.ai
email,/tool/revspot.co
email,/tool/boomeranggmail.com-respondable
email,/tool/june.ai
email,/tool/ultramail.vercel.app
email,/tool/magicreach.ai
entertainment,/tool/watchnowai.com
entertainment,/tool/andchill.io
entertainment,/tool/taste.io
entertainment,/tool/moviewiser.com
entertainment,/tool/secondselfai.com
entertainment,/tool/jokelub.com
entertainment,/tool/ai-movie.club
entertainment,/tool/cinescope.onrender.com
entertainment,/tool/trendyreaction.blogspot.com
entertainment,/tool/boredhumans.com-rap_battles.php
entertainment,/tool/chatshitgpt.co.uk
entertainment,/tool/watchthis.dev
entertainment,/tool/text.theater
entertainment,/tool/chrome.google.com-webstore-detail-scenextras-ldlhkomomdlhndndedcpmjjekphmjohd
essays,/tool/textero.ai
essays,/tool/essay-builder.ai
essays,/tool/perfectessaywriter.ai
essays,/tool/essayservice.ai
essays,/tool/collegeessay.org-ai-essaywriter
essays,/tool/customwritings.com-howtowrite-ai-essay-writer
essays,/tool/essay.bar
essays,/tool/writemyessays.ai
essays,/tool/studycrumb.com
essays,/tool/essai.pro
essays,/tool/lunchbreak.ai
essays,/tool/pgs-principles.vercel.app
excel,/tool/gptexcel.uk
excel,/tool/excelformulabot.com
excel,/tool/formulagenerator.app
excel,/tool/neuralformula.com
excel,/tool/boloforms.com-sheetgod
excel,/tool/formula.dog
excel,/tool/sheetplus.ai
excel,/tool/excelly-ai.io
excel,/tool/getluminal.com
excel,/tool/uing.app
excel,/tool/excelformulabot.me
excel,/tool/aiexcelbot.com
excel,/tool/excel-bot.com
excel,/tool/formulashq.com
excel,/tool/excelformularizer.com
excel,/tool/ajelix.com
fashion,/tool/dressrious.com
fashion,/tool/thenewblack.ai
fashion,/tool/wardrobe-ai.com
fashion,/tool/staiyl.com
fashion,/tool/fashionadvisorai.com
fashion,/tool/botika.io
fashion,/tool/apps.chatbotkit.com-fashionai
fashion,/tool/pixite.ai
fashion,/tool/fabfab.ai
fashion,/tool/resleeve.ai
fashion,/tool/characterlingo.com
fashion,/tool/insightjournal.ai
fashion,/tool/stussyhoodie.store
fashion,/tool/designovel.com-index_en.html
fashion,/tool/docandmark.com
fashion,/tool/inkteeai.com
fashion,/tool/askklem.com
fashion,/tool/apps.apple.com-us-app-runwayy-id6466562995
fashion,/tool/apps.apple.com-br-app-lookmate-id6446787874
fashion,/tool/hopshop.ai
fashion,/tool/apps.apple.com-app-peach-ai-fashion-assistant-id6448531087
finance,/tool/diffusion.land
finance,/tool/novamoney.app.link-PH
finance,/tool/finalle.ai
finance,/tool/tradytics.com
finance,/tool/wallet.ai
finance,/tool/financebrain.ai
finance,/tool/stockai.com-tools-article-to-featured-image
finance,/tool/stocknewsai.com
finance,/tool/mirrorthink.ai
finance,/tool/360finance.io-360stocks
finance,/tool/onestafinance.com
finance,/tool/financegpt.uk
finance,/tool/askstockgpt.com
finance,/tool/trustfinta.com
finance,/tool/receipt-ai.com
finance,/tool/stockstack.ai
finance,/tool/truewind.ai
finance,/tool/eilla.ai
finance,/tool/booke.ai
finance,/tool/glean.ai
finance,/tool/fama.one
fitness,/tool/gymbuddy.ai
fitness,/tool/shapescale.com
fitness,/tool/burnbacon.com
fitness,/tool/stretch.education-explore
fitness,/tool/pplegpt.vercel.app
fitness,/tool/faitness.io
fitness,/tool/makemyworkout.dev
fitness,/tool/ironiq.app
fitness,/tool/paperbrain.study
fitness,/tool/fitbuilderr.com-apollo
fitness,/tool/weeklyworkout.fyi
fitness,/tool/fitforge.me
fitness,/tool/myfit-ai.com
fitness,/tool/ai-mealplan.com
fitness,/tool/gymgenie.ai
fitness,/tool/gymgenie.vercel.app
fitness,/tool/zing.body.scan.zingproduction.com
fitness,/tool/aiwod.org
fitness,/tool/takethisandrun.com
fitness,/tool/hyperficient.org
fitness,/tool/endurance.training
food,/tool/foodai.app
food,/tool/mealpractice.com-generate
food,/tool/nutraiplan.com
food,/tool/boozyblend.com
food,/tool/bargpt.app
food,/tool/prospre.io
food,/tool/buildai.space-app-meal-mate-app
food,/tool/babaselo.com
food,/tool/grocerai.app
food,/tool/logmeal.es
food,/tool/mealmind.io
food,/tool/casadesante.com-pages-a-i-meal-planner
food,/tool/app.sttabot.io-tool-foodie-finder
food,/tool/casadesante.com-pages-lowfodmapchefai
food,/tool/menumystic.com
food,/tool/apps.apple.com-au-app-mealplanner-ai-powered-chat-id6447512812
food,/tool/monjal.com
food,/tool/menubot.ai
food,/tool/apps.apple.com-at-app-mixology-personal-bartender-id6449429974
gaming,/tool/rizzgpt.app
gaming,/tool/scenario.gg
gaming,/tool/gptgame.app
gaming,/tool/humanorai.co
gaming,/tool/endlessvn.io
gaming,/tool/nokemon.eloie.tech
gaming,/tool/narraive.com
gaming,/tool/hiddendoor.co
gaming,/tool/litrpgadventures.com
gaming,/tool/v5games.com
gaming,/tool/fables.gg
gaming,/tool/gptgames.io
gaming,/tool/movietoemoji.netlify.app
gaming,/tool/chat.chatbot.sex-chat
gaming,/tool/chessgpt.gducrash.com
gaming,/tool/customerglu.com-ai
gaming,/tool/ggpredict.io
gaming,/tool/kwizie.ai
gaming,/tool/unity.com-ai
gaming,/tool/sagarpg.io
gaming,/tool/twitch.tv-zuckisreal
gift ideas,/tool/coolgiftideas.io
gift ideas,/tool/giftgenie.ai
gift ideas,/tool/giftlist.com-genie
gift ideas,/tool/lovelines.xyz
gift ideas,/tool/suggest.gift
gift ideas,/tool/oraklon.com
gift ideas,/tool/gen.gifts
gift ideas,/tool/bestaigiftideas.com
gift ideas,/tool/botsy.ai-gifts
gift ideas,/tool/giftmethat.io
gift ideas,/tool/almowafir.com-en-gift-hunter
gift ideas,/tool/text2present.com
gift ideas,/tool/gifthuntr.com
gift ideas,/tool/giftbox.co
gift ideas,/tool/giftdeas.app
gift ideas,/tool/t.me-giftocadabra_bot
gift ideas,/tool/intelli.gift
gift ideas,/tool/snappygifts.com-home
gift ideas,/tool/giftassistant.io
graphics,/tool/bannerbear.com
graphics,/tool/pixela.ai
graphics,/tool/pictorial.ai
graphics,/tool/astria.ai
graphics,/tool/myfonts.com
graphics,/tool/aimages.ai-MagicStock
graphics,/tool/magicthumbnails.com
graphics,/tool/zoomscape.ai
graphics,/tool/hotpot.ai
graphics,/tool/polarite.app
graphics,/tool/adobe.com-sensei-generative-ai-firefly.html
graphics,/tool/neosvg.com-waitlist
graphics,/tool/thumbnailmaker.art
graphics,/tool/hotpot.ai-templates-youtube-thumbnail
graphics,/tool/photostudio.socialbook.io
graphics,/tool/xinva.ai
graphics,/tool/thumbnail.ai
graphics,/tool/assetsai.art
graphics,/tool/storiai.com
graphics,/tool/logoscapes.ai
graphics,/tool/wallpapers.fyi
health,/tool/libraree.ai
health,/tool/healthscanner.marvsai.com
health,/tool/doctor.yourmed.app
health,/tool/whocodes.in-medgpt
health,/tool/aihealthmind.com
health,/tool/medisearch.io
health,/tool/glass.health-ai
health,/tool/ubiehealth.com
health,/tool/leny.ai
health,/tool/symptomchecker.io
health,/tool/labworks.ai
health,/tool/kinestex.com
health,/tool/getbitesnap.com
health,/tool/heydoc.ai
health,/tool/docus.ai
health,/tool/qventus.com
health,/tool/whisper.ai
health,/tool/aihealthquery.com
health,/tool/kaiconversations.ai
health,/tool/medinav.eu
health,/tool/cinch.health
history,/tool/ora.sh-abmoniable-historiangpt
history,/tool/ora.ai-abmoniable-historiangpt
history,/tool/historygpt.art-new
history,/tool/messengerx.io-sanjaya
image editing,/tool/apps.apple.com-us-app-anime-ai-art-avatar-generator-id1660030970
image editing,/tool/deepswap.ai
image editing,/tool/faceswapper.ai
image editing,/tool/remover.zmo.ai
image editing,/tool/magicstudio.com-magiceraser
image editing,/tool/extrapolate.app
image editing,/tool/objectremover.com
image editing,/tool/imgcleaner.com
image editing,/tool/icons8.com-swapper
image editing,/tool/erase-it.cloudinary.com
image editing,/tool/hey-photo.com
image editing,/tool/snapdress.image2image.art
image editing,/tool/photoroom.com-tools-remove-object-from-photo
image editing,/tool/online.hitpaw.com-remove-object-from-photo.html
image editing,/tool/removal.ai
image editing,/tool/swapmyface.app
image editing,/tool/faceswapperonline.com
image editing,/tool/realfakephotos.com
image editing,/tool/swapface.org
image editing,/tool/deep-image.ai
image editing,/tool/photoproai.online
image generator,/tool/background.lol
image generator,/tool/lucidpic.com
image generator,/tool/foxify.art
image generator,/tool/deepai.org-machine-learning-model-text2img
image generator,/tool/freeaiimagegenerator.co
image generator,/tool/prompt.cafe
image generator,/tool/imgcreator.zmo.ai
image generator,/tool/bluewillow.ai
image generator,/tool/bing.com-create
image generator,/tool/freeimageai.online
image generator,/tool/yourface.app
image generator,/tool/generated.photos
image generator,/tool/nack.ai
image generator,/tool/ipic.ai
image generator,/tool/alpha.genmo.ai
image generator,/tool/openart.ai
image generator,/tool/imgcreator.ai
image generator,/tool/vectorizer.ai
image generator,/tool/ai2image.com
image generator,/tool/dezgo.com
image generator,/tool/swapsurprise.ai
image,/tool/letsenhance.io
image,/tool/lexica.art
image,/tool/everypixel.com
image,/tool/snappr.com-photo-analyzer
image,/tool/photor.io
image,/tool/stockai.com
image,/instant-tool/music-to-image
image,/tool/lookright.ai
image,/tool/roboflow.com
image,/tool/binded.com-twitter
image,/tool/searchcivitai.com
image,/tool/rarsy.com-carousel-generator
image,/tool/cloudinary.com
image,/tool/imageapp.xyz
image,/tool/wtfitbot.com
image,/tool/portraitphoto.ai
image,/tool/tagbox.io
image,/tool/pixelbin.io
image,/instant-tool/clip-interrogator
image,/tool/catbird.ai
image,/tool/ximilar.com
instant tools,/instant-tool/ms-image-to-video
instant tools,/instant-tool/text-to-video
instant tools,/instant-tool/draggan-ai-photo-editor
instant tools,/instant-tool/animagine-xl
instant tools,/instant-tool/shap-e
instant tools,/instant-tool/zeroscope-v2
instant tools,/instant-tool/musicgen
instant tools,/instant-tool/image-to-story
instant tools,/instant-tool/music-to-image
instant tools,/instant-tool/promptist
instant tools,/instant-tool/lora-the-explorer
instant tools,/instant-tool/coqui---bark-voice-cloning
instant tools,/instant-tool/music-to-video
instant tools,/instant-tool/stable-diffusion
instant tools,/instant-tool/hugginggpt
instant tools,/instant-tool/codegeex
instant tools,/instant-tool/bark-ai
instant tools,/instant-tool/audioldm-2
instant tools,/instant-tool/qr-code-ai-art-generator
instant tools,/instant-tool/sdxl-1.0
instant tools,/instant-tool/decicoder
integration,/tool/coda.io-@coda-openai-for-coda
integration,/tool/cogniflow.ai
integration,/tool/merge.dev-blueprint
integration,/tool/dreamsands.ai
integration,/tool/mason.app
integration,/tool/sheetgpt.ai
integration,/tool/thehive.ai
integration,/tool/fullpath.com-chatgpt-4-for-car-dealers
integration,/tool/enhanceai.dev
integration,/tool/pagewise.ai
interior design,/tool/roomgpt.io
interior design,/tool/airoomplanner.com
interior design,/tool/architectgpt.io
interior design,/tool/decorai.io
interior design,/tool/spacely.ai
interior design,/tool/linktr.ee-dreamlifeai
interior design,/tool/mobel.app
interior design,/tool/designedbyai.io
interior design,/tool/reimaginehome.ai
interior design,/tool/decorme.app
interior design,/tool/dreamhouseai.com
interior design,/tool/myroomdesigner.ai
interior design,/tool/coolaiid.com
interior design,/tool/interiorai.com
interior design,/tool/stager.odastudio.ai
interior design,/tool/aihomedesign.com
interior design,/tool/interioraidesigns.com
interior design,/tool/sofabrain.com
interior design,/tool/aidezigner.com
interior design,/tool/collov.ai
interior design,/tool/image.computer-interior-design
investing,/tool/portfoliopilot.com
investing,/tool/gorillaterminal.com
investing,/tool/public.com-alpha
investing,/tool/soon.app
investing,/tool/ainvest.com-chat
investing,/tool/morpher.com-ai
investing,/tool/pluto.fi
investing,/tool/decodeinvesting.com-ai_stock_analysis
investing,/tool/danelfin.com
investing,/tool/potato.trade
investing,/tool/finclout.io
investing,/tool/hercule.ai
investing,/tool/stratxai.com
investing,/tool/decodeinvesting.com-earnings_calls
investing,/tool/sparktrade.io
job search,/tool/thejobforme.com
job search,/tool/coverquick.co
job search,/tool/hirebrain.ai
job search,/tool/matchthatroleai.com
job search,/tool/jobinterview.coach
job search,/tool/resumewriting.com
job search,/tool/techjobslondon.co.uk-interview-coach
job search,/tool/lazyapply.com
job search,/tool/aicareers.io
job search,/tool/practiceinterview.co
job search,/tool/jobcopy.io
job search,/tool/autojob.app
job search,/tool/nextresu.me
job search,/tool/jobwizard.ai
job search,/tool/iapply.ai
job search,/tool/grabtie.com
job search,/tool/resume-ai.me
job search,/tool/sonara.ai
job search,/tool/instawrite.in
job search,/tool/promptyourjob.com
job search,/tool/rightjoin.co
knowledge,/tool/golden.com
knowledge,/tool/jessezhang.org-llmdemo
knowledge,/tool/aiquizbuilder.com
knowledge,/tool/thedrive.ai
knowledge,/tool/glean.com
knowledge,/tool/getodin.ai
knowledge,/tool/myaskai.com-whatsapp
knowledge,/tool/aibrainbank.com
knowledge,/tool/askoracle.app
knowledge,/tool/semafind.com
knowledge,/tool/droxy.ai
knowledge,/tool/avtars.ai-famous-people
knowledge,/tool/pragma.ai
knowledge,/tool/apps.apple.com-us-app-akme-ai-knowledge-id6446436196
knowledge,/tool/slite.com-ask
knowledge,/tool/myreach.io
knowledge,/tool/kaila.ai
knowledge,/tool/tensor.church
knowledge,/tool/frontdoor.xyz
knowledge,/tool/chatkg.xyz
knowledge,/tool/knowbase.ai
landing pages,/tool/unbounce.com
landing pages,/tool/landing-ai.com
landing pages,/tool/headlime.com-features-landing-page
landing pages,/tool/pagegenie.io
landing pages,/tool/sitekick.ai
landing pages,/tool/aipage.dev
landing pages,/tool/lampbuilder.com
landing pages,/tool/waibsites.com
landing pages,/tool/makelanding.ai
landing pages,/tool/turbosite.io
landing pages,/tool/60sec.site
landing pages,/tool/portaly.cc-en
landing pages,/tool/pagegpt.pro
landing pages,/tool/lndr.pro
landing pages,/tool/fusion.tiiny.site
landing pages,/tool/60sec.store
landing pages,/tool/soniclink.com
landing pages,/tool/rapidpages.io
landing pages,/tool/unicornplatform.com-ai
landing pages,/tool/permar.xyz
landing pages,/tool/yep.so-p-everassist
language learning,/tool/gliglish.com
language learning,/tool/grammarai.io
language learning,/tool/langotalk.org
language learning,/tool/ielts.yura.ai
language learning,/tool/speakingclubai.com
language learning,/tool/learnlanguagesai.com
language learning,/tool/speak.com
language learning,/tool/talkpal.ai
language learning,/tool/lingostar.ai
language learning,/tool/praktika.ai
language learning,/tool/languagetool.org
language learning,/tool/justlearn.com
language learning,/tool/langmob.com
language learning,/tool/studycrumb.com-grammar-checker
language learning,/tool/oneai.com
language learning,/tool/gptfree.co
language learning,/tool/boldvoice.com
language learning,/tool/writer.com
language learning,/tool/gramara.com
language learning,/tool/speakenglishwithai.com
language learning,/tool/languate.com
lead generation,/tool/looti.io
lead generation,/tool/openlead.xyz
lead generation,/tool/usedouble.com
lead generation,/tool/bypeers.ai-find-and-close-b2b-clients-on-auto-pilot
legal,/tool/donotpay.com
legal,/tool/askailawyer.com
legal,/tool/legalrobot.com
legal,/tool/legalquestions.help
legal,/tool/templatesgo.com
legal,/tool/ailawyer.pro
legal,/tool/spellbook.legal
legal,/tool/e-legal.ai
legal,/tool/termscout.com
legal,/tool/darrow.ai
legal,/tool/getlegal.ai
legal,/tool/perjury.ai
legal,/tool/layman.law
legal,/tool/getgptlaw.com
legal,/tool/legalesedecoder.com
legal,/tool/judichat.fr
legal,/tool/legalysis.co
legal,/tool/contractable.ai
legal,/tool/harvey.ai
legal,/tool/createdraft.com
legal,/tool/contractgpt.legitt.xyz
logos,/tool/stockimg.ai-there-is-a-logo-for-that
logos,/tool/brandmark.io
logos,/tool/namecheap.com-logo-maker
logos,/tool/looka.com
logos,/tool/logo.shapefactory.co
logos,/tool/logodiffusion.com
logos,/tool/brandmark.io-logo-rank
logos,/tool/makelogoai.com
logos,/tool/mybrandnewlogo.com
logos,/tool/spacelogo.ai
logos,/tool/logopony.com
logos,/tool/tailorbrands.com-logo-maker
logos,/tool/logomakerr.ai
logos,/tool/logocreatorai.com
logos,/tool/accomplice.ai
logos,/tool/makelogo.ai
logos,/tool/diffusion-logo-studio.gradientinsight.com
logos,/tool/logomaster.ai
logos,/tool/logo-mockup.com
logos,/tool/relogoai.com
logos,/tool/applogocreator.com
low code/no code,/tool/debuild.app
low code/no code,/tool/brancher.ai
low code/no code,/tool/buildai.space
low code/no code,/tool/riku.ai
low code/no code,/tool/marsx.dev
low code/no code,/tool/botx.cloud-platform-no-code-ai-platform
low code/no code,/tool/bricabrac.ai
low code/no code,/tool/softrplatformsgmbh.grsm.io-4a8exk97h4m7
low code/no code,/tool/felvin.com
low code/no code,/tool/gptagent.com-home-base
low code/no code,/tool/welovenocode.com-ai-project-description-generator
low code/no code,/tool/theforgeai.com
low code/no code,/tool/usedream.app
low code/no code,/tool/retune.so
low code/no code,/tool/landbot.io
low code/no code,/tool/trudo.ai
low code/no code,/tool/teleporthq.io
low code/no code,/tool/contember.com
low code/no code,/tool/ai-surge.cloud
low code/no code,/tool/bravostudio.app
low code/no code,/tool/appypie.com
machine learning,/tool/evidentlyai.com
machine learning,/tool/obviously.ai
machine learning,/tool/paperspace.com-gradient
machine learning,/tool/rolebot.streamlit.app
machine learning,/tool/liner.ai
machine learning,/tool/huggingface.co
machine learning,/tool/teachablemachine.withgoogle.com
machine learning,/tool/functime.ai
machine learning,/tool/sites.research.google-trc
machine learning,/tool/stockedai.com
machine learning,/tool/wandb.ai-site
machine learning,/tool/soft-builder.com-ai-powered-er-diagrams-generation
machine learning,/tool/pi.exchange
machine learning,/tool/bestofml.com
machine learning,/tool/github.com-deepchecks-deepchecks
machine learning,/tool/stackml.com
machine learning,/tool/ml-showcase.com
machine learning,/tool/banana.dev
machine learning,/tool/aicheatsheet.comuzi.xyz
machine learning,/tool/ai-jd.pangea.app
machine learning,/tool/lightning.ai
marketing,/tool/martekings.com-ai-marketing
marketing,/tool/getitout.io-ai-persona-generator-by-getitout
marketing,/tool/makerbox.club-marketing-mega-prompts
marketing,/tool/marketplan.io
marketing,/tool/aitemplates.ai
marketing,/tool/sendpulse.com
marketing,/tool/aissistify.com
marketing,/tool/askoptimo.com
marketing,/tool/dashboard.gocharlie.ai
marketing,/tool/contlo.com-brand-ai-model
marketing,/tool/octie.ai
marketing,/tool/digitalfirst.ai
marketing,/tool/admaker.memorable.io
marketing,/tool/aiart.mosesai.net
marketing,/tool/tinyeinstein.ai
marketing,/tool/faqx.com
marketing,/tool/neuronsinc.com-predict
marketing,/tool/ortto.com-artificial-intelligence-marketing
marketing,/tool/altera.ai
marketing,/tool/mutinyhq.com
marketing,/tool/wtfdoesthiscompanydo.vercel.app
meetings,/tool/noty.ai
meetings,/tool/meetjamie.ai
meetings,/tool/fireflies.ai
meetings,/tool/tldv.io
meetings,/tool/krisp.ai
meetings,/tool/magical.so
meetings,/tool/airgram.io
meetings,/tool/cogram.com
meetings,/tool/chadview.com
meetings,/tool/brieflyai.com
meetings,/tool/fathom.video
meetings,/tool/supernormal.com
meetings,/tool/vowel.com-features-automated-meeting-summaries
meetings,/tool/goheadroom.com
meetings,/tool/meetgeek.ai
meetings,/tool/hearhear.vercel.app
meetings,/tool/meetsummary.com
meetings,/tool/vidlogs.com
meetings,/tool/spinach.io
meetings,/tool/agendarunner.com
meetings,/tool/remo.co
mental health,/tool/waifuchat.ai
mental health,/tool/romanticai.com
mental health,/tool/woebothealth.com
mental health,/tool/personal.ai
mental health,/tool/tuliaa.com
mental health,/tool/getmindguide.com
mental health,/tool/sahha.ai
mental health,/tool/makebelieve.lol
mental health,/tool/dreaminterpreter.ai
mental health,/tool/quantmm.org
mental health,/tool/hexagram.io
mental health,/tool/youper.ai
mental health,/tool/flourishtech.app
mental health,/tool/wysa.com
mental health,/tool/mynd.so
mental health,/tool/maslo.ai
mental health,/tool/t.me-mentalsync_bot
mental health,/tool/whimsical.com-ai-mind-maps
mental health,/tool/buildai.space-app-feel-good-app
mental health,/tool/upheal.io
mental health,/tool/thebrain.com-ai
music,/tool/uberduck.ai
music,/tool/soundraw.io
music,/tool/musi-co.com
music,/tool/openai.com-blog-musenet
music,/tool/loudly.com-music-ai-music-generator
music,/tool/appintro.io-ai-song-generator-music-maker
music,/tool/theselyricsdonotexist.com
music,/tool/boomy.com
music,/tool/extendmusic.ai
music,/tool/jukegpt.com
music,/tool/splashmusic.com
music,/tool/melody.ml
music,/tool/songburst.ai
music,/tool/genztranslator.net
music,/tool/beatoven.ai
music,/tool/soundful.com
music,/tool/phonicmind.com
music,/tool/riffusion.com
music,/tool/staccato.ai
music,/tool/musicstar.ai
music,/tool/raplyrics.eu
news,/tool/newsdeck.pro
news,/tool/spinreactor.ai
news,/tool/isthistrue.site
news,/tool/artifact.news
news,/tool/chatgpt-phantom.com
news,/tool/infobot.ai
news,/tool/news.superagi.com
news,/tool/aylien.com
news,/tool/newsnotfound.com
news,/tool/aireads.co
news,/tool/newsgpt.ai
news,/tool/nooz.ai-news
news,/tool/dev-radar.com
news,/tool/idoubt.news
news,/tool/getnuz.co
news,/tool/researchinenglish.com
news,/tool/hackyournews.com
news,/tool/concise.app
news,/tool/readless.ai
news,/tool/thegenerativepress.com
news,/tool/sophoz.app
newsletters,/tool/newsblok.co
newsletters,/tool/neuralnewsletters.com
newsletters,/tool/deathtohumans.com
newsletters,/tool/subjectlinegenerator.com
newsletters,/tool/promptvibes.com
newsletters,/tool/undetectablegpt.com
newsletters,/tool/mywaverly.com
newsletters,/tool/prompt-letter.steadyapps.online
newsletters,/tool/rasa.io
newsletters,/tool/newsletterpilot.com
newsletters,/tool/bulletpoints.news
newsletters,/tool/redenseai.com
newsletters,/tool/syntheticstandard.com
newsletters,/tool/wuko.ai
newsletters,/tool/ittybrief.com
nlp,/tool/whybot-khaki.vercel.app
nlp,/tool/aws.amazon.com-comprehend
nlp,/tool/tisane.ai
nlp,/tool/mindsdb.com-natural-language-processing-in-databases
nlp,/tool/flot.ai
nlp,/tool/lettria.com
nlp,/tool/mapdeduce.com
nlp,/tool/lexi.celestria.co
nlp,/tool/ai-rnd.com
nlp,/tool/goose.ai
nlp,/tool/ubiai.tools
nlp,/tool/nlsql.com
nlp,/tool/tooltips.ai
note taking,/tool/mindgrasp.ai
note taking,/tool/ember.ly
note taking,/tool/totallib.com
note taking,/tool/notability.ai
note taking,/tool/circleback.ai
note taking,/tool/reflect.app
note taking,/tool/mymind.com
note taking,/tool/notelierai.com
note taking,/tool/thoughtful.sandbox.google.com-about
note taking,/tool/jabbernotes.app
note taking,/tool/audionotes.app
note taking,/tool/get.xnote.ai
note taking,/tool/talknotes.io
note taking,/tool/waveapp.ai
note taking,/tool/ambient.twine.us-login
note taking,/tool/khoj.dev
note taking,/tool/mindmess.vercel.app
nsfw chatbot,/tool/crushon.ai
nsfw chatbot,/tool/candy.ai
nsfw chatbot,/tool/nsfwcharacters.ai
nsfw chatbot,/tool/nsfw-character.ai
nsfw chatbot,/tool/nsfwcharacter.ai
nsfw chatbot,/tool/myaigirlfriend.ai
nsfw chatbot,/tool/flirtflix.ai
nsfw chatbot,/tool/kupid.ai
nsfw chatbot,/tool/dreamgf.ai
nsfw chatbot,/tool/fapai.app
nsfw chatbot,/tool/kajiwoto.ai-rooms
nsfw chatbot,/tool/botmake.io-list-sex-bots
nsfw chatbot,/tool/gptgirlfriend.online
nsfw chatbot,/tool/roleplai.app
nsfw chatbot,/tool/janitorai.com
nsfw chatbot,/tool/myanima.ai
nsfw chatbot,/tool/chatfai.com
nsfw chatbot,/tool/pephop.ai
nsfw chatbot,/tool/caryn.ai
nsfw chatbot,/tool/evaapp.ai
nsfw chatbot,/tool/artheart.ai
nsfw image,/tool/apps.apple.com-us-app-anime-ai-art-avatar-generator-id1660030970
nsfw image,/tool/sexy.ai
nsfw image,/tool/unstability.ai
nsfw image,/tool/onlynsfw.ai
nsfw image,/tool/onlybabes.ai
nsfw image,/tool/seaart.ai-home
nsfw image,/tool/seduced.ai
nsfw image,/tool/aigirl.gg
nsfw image,/tool/promptchan.ai
nsfw image,/tool/creators.deepfake.com
nsfw image,/tool/nsfwartgenerator.ai
nsfw image,/tool/picso.ai
nsfw writer,/tool/nsfwcharacter.ai
nsfw writer,/tool/sudowrite.com
nsfw writer,/tool/mytales.io-theme-erotica
nsfw writer,/tool/novelai.net
nsfw writer,/tool/pirr.me
nsfw writer,/tool/writeholo.com
nsfw writer,/tool/aidungeon.io
nsfw writer,/tool/dreampress.ai
paraphraser,/tool/wordai.com
paraphraser,/tool/aiseo.ai-tools-article-rewriter.html
paraphraser,/tool/aiseo.ai-tools-paraphrasing-tool.html
paraphraser,/tool/paraphrasetool.com
paraphraser,/tool/rewriteit.ai
paraphraser,/tool/rephrasely.com
paraphraser,/tool/stealthwriter.ai
paraphraser,/tool/rephrasee.com
paraphraser,/tool/gptinf.com
paraphraser,/tool/app.yaara.ai-paraphraser
paraphraser,/tool/wordfixerbot.com
paraphraser,/tool/studycrumb.com-paraphrasing-tool
paraphraser,/tool/quillbot.com
paraphraser,/tool/spinrewriter.com
paraphraser,/tool/netus.ai
paraphraser,/tool/revrite.ai
paraphraser,/tool/contentbot.ai-paraphrasing-tool
paraphraser,/tool/paraphrasing.io
paraphraser,/tool/fixmebot.com
paraphraser,/tool/try.quillbot.com-theresanaiforthat
paraphraser,/tool/apps.apple.com-us-app-i-am-now-keyboard-rephraser-id6446498623
parenting,/tool/poppylist.com-askpoppy
parenting,/tool/parentivise.com
parenting,/tool/bottell.ai
parenting,/tool/onoco.com-onoco-ai
parenting,/tool/apps.apple.com-us-app-bebe-your-perfect-baby-name-id6449749331
parenting,/tool/joinmilo.com
personalization,/tool/storynest.ai
personalization,/tool/rolemodel.ai
personalization,/tool/rosebud.app
personalization,/tool/getlearnery.com
personalization,/tool/depict.ai
personalization,/tool/askan.ai
personalization,/tool/markmyimages.com
personalization,/tool/aidiary.io
personalization,/tool/trymaverick.com
personalization,/tool/getairim.com
personalization,/tool/starvingrobots.com
personalization,/tool/depth.reflection.app
personalization,/tool/giftastic.ai
personalization,/tool/maya.ai
personalization,/tool/elfhelp.ai
personalization,/tool/goshopwith.ai-chat
personalization,/tool/wish.gifft.me
personalization,/tool/summit.im-accountabilabuddy
personalization,/tool/summit.im-pathfinder
personalization,/tool/mywondertales.com
personalization,/tool/aichristmascards.com
photography,/tool/booth.ai
photography,/tool/boudoir.ai
photography,/tool/photoai.io
photography,/tool/avatarai.me
photography,/tool/avatarize.club-proface
photography,/tool/stylized.ai
photography,/tool/mokker.ai
photography,/tool/headshotpro.com
photography,/tool/camlist.com-pet-portrait
photography,/tool/1photoai.com
photography,/tool/passport-photos.ai
photography,/tool/virtualface.app
photography,/tool/spectre.cam
photography,/tool/glowupai.com
photography,/tool/land.prisma-ai.com-magic-avatars
podcasts,/tool/podcast.adobe.com
podcasts,/tool/usemood.us
podcasts,/tool/sumly.ai
podcasts,/tool/snipd.com-ai-podcast-summaries
podcasts,/tool/tapesearch.com
podcasts,/tool/podcast.ai
podcasts,/tool/scribbler.so
podcasts,/tool/wondercraft.ai
podcasts,/tool/deciphr.ai
podcasts,/tool/podsqueeze.com
podcasts,/tool/snipd.com
podcasts,/tool/usemelville.com
podcasts,/tool/podpilot.ai
podcasts,/tool/huberman.rile.yt
podcasts,/tool/hello.fathom.fm
podcasts,/tool/swellai.com
podcasts,/tool/toastyai.com
podcasts,/tool/castupai.com
podcasts,/tool/listener.fm
podcasts,/tool/typestudio.co
podcasts,/tool/podcastai.com
presentation,/tool/slidesgo.com-ai-presentations
presentation,/tool/slidespeak.co
presentation,/tool/insou.ai
presentation,/tool/roi4presenter.com-pitch-avatar
presentation,/tool/storydoc.com-pitch-deck-creator
presentations,/tool/gamma.app
presentations,/tool/gptforslides.app
presentations,/tool/beautiful.ai
presentations,/tool/presentationgpt.com
presentations,/tool/powermodeai.com
presentations,/tool/presentations.ai
presentations,/tool/magicslides.app
presentations,/tool/ai.vip.graphics
presentations,/tool/prezo.ai
presentations,/tool/powerpresent.ai
presentations,/tool/autoslide.ai
presentations,/tool/gptforslides.app
presentations,/tool/slidesai.io
presentations,/tool/motionit.ai
presentations,/tool/slideas.ai
presentations,/tool/storyd.ai
presentations,/tool/slidenotes.dev
presentations,/tool/slideoo.ai
presentations,/tool/workspace.google.com-u-0-marketplace-app-plus-214277172452
presentations,/tool/ai.classpoint.io
presentations,/tool/pitches.ai
privacy,/tool/pseudoface.com
privacy,/tool/hairbyai.com
privacy,/tool/pontus.so
privacy,/tool/privacy.observer
productivity,/tool/merlin.foyer.work
productivity,/tool/prompt-genie.com
productivity,/tool/chatgpt-prompt-apps.com
productivity,/tool/bearly.ai
productivity,/tool/news.microsoft.com-reinventing-productivity
productivity,/tool/ai-cowriter.com
productivity,/tool/yippity.io
productivity,/tool/rewind.ai
productivity,/tool/workspace.google.com-marketplace-app-gpt_for_sheets-677318054654
productivity,/tool/aiofficebot.com
productivity,/tool/appsource.microsoft.com-en-us-product-office-wa200005271
productivity,/tool/leanbe.ai
productivity,/tool/supremeplans.com
productivity,/tool/mem.ai
productivity,/tool/webcopilot.co
productivity,/tool/zentask.ai
productivity,/tool/brain.fm
productivity,/tool/timegpt.pro
productivity,/tool/magicflow.com
productivity,/tool/gptprompttuner.com
productivity,/tool/promptbox.ai
programming,/tool/codepal.ai
programming,/tool/programming-helper.com
programming,/tool/codelanguageconverter.com
programming,/tool/aiquery.co
programming,/tool/promptbase.com
programming,/tool/ai-code-translator.vercel.app
programming,/tool/codeconverter.com
programming,/tool/codewp.ai
programming,/tool/explaincode.app
programming,/tool/plugins.jetbrains.com-plugin-20085-codeassist
programming,/tool/promptrefine.com
programming,/tool/promptlayer.com
programming,/tool/github.com-Swift-AI-Swift-AI
programming,/tool/promptperfect.jina.ai
programming,/tool/ai.codacy.com
programming,/tool/chatgpt.js.org
programming,/tool/gitwit.dev
programming,/tool/tinq.ai
programming,/tool/aistud.io
programming,/tool/sheetai.app
programming,/tool/tldrdev.ai
project management,/tool/chatmind.tech
project management,/tool/usemotion.com
project management,/tool/spreadsheet.com-integrations-openai
project management,/tool/itsdart.com
project management,/tool/beta.dayzero.ai
project management,/tool/genie.pm
project management,/tool/namemancer.dylancastillo.co
project management,/tool/tomsplanner.com-ai-assist
project management,/tool/cron-ai.vercel.app
project management,/tool/metastory.ai
project management,/tool/tability.io-integrations-openai
project management,/tool/socraticworks.com
project management,/tool/tara.ai
project management,/tool/senseapp.ai-spaces
project management,/tool/prodhub.ai
project management,/tool/employplan.com
project management,/tool/height.app-copilot
project management,/tool/naav.ro-en
project management,/tool/berrycast.com
project management,/tool/tulsk.io
project management,/tool/flexos.work-tools-small-steps
prompts,/tool/prompt.noonshot.com
prompts,/tool/trello.com-b-4BPkSY1w-100-ai-prompts-resources-prompt-lovers
prompts,/tool/flowgpt.com
prompts,/tool/promptplus.org
prompts,/tool/theresapromptforthat.xyz
prompts,/tool/supercue.app
prompts,/tool/promptjourney.aiboat.io
prompts,/tool/jrnylist.com
prompts,/tool/promptden.com
prompts,/tool/freshly.ai-what-a-prompt
prompts,/tool/philipp-stelzel.com-en-midjourney-prompts-generator
prompts,/tool/publicprompts.art
prompts,/tool/easyprompt.xyz
prompts,/tool/chatx.ai
prompts,/tool/prompbase.com
prompts,/tool/thecognitivequest.com-midjourney-prompt-generator-the-only-free-tool-you-need
prompts,/tool/creative-ai-prompts.com
prompts,/tool/generatedby.com
prompts,/tool/nixerai.com
prompts,/tool/perpend.in
prompts,/tool/promptflat.com
public relations,/tool/presspulse.ai
public relations,/tool/easyprai.com
public relations,/tool/seobox.ai
public relations,/tool/presshook.com-ai-press-release-generator
qr code,/tool/customqrai.com
qr code,/tool/qr.witty-ai.io
qr code,/tool/qrcodeswithai.com
qr code,/tool/qrartgenerator.vip
qr code,/tool/online.hitpaw.com-qr-code-art-generator.html
qr code,/tool/stockimg.ai-qrcode
qr code,/instant-tool/qr-code-ai-art-generator
qr code,/tool/qrdiffusion.com
qr code,/tool/qrcode1s.com
qr code,/tool/qrfiddle.com
qr code,/tool/aiqrhub.com
qr code,/tool/hovercode.com-ai-qr-code-generator
qr code,/tool/qrx.codes
qr code,/tool/qrcraft.xyz
real estate,/tool/zipsmart.ai
real estate,/tool/getfloorplan.com
real estate,/tool/realtygenius.ai
real estate,/tool/epique.cloud-epique-ai
real estate,/tool/try.magictools.ai
real estate,/tool/mybrokerone.com
real estate,/tool/virtualstagingai.app
real estate,/tool/judeai.com
real estate,/tool/kurby.ai
real estate,/tool/leadflow.com-home
real estate,/tool/virtualstaging.art
real estate,/tool/homebyte.com
real estate,/tool/styldod.com
real estate,/tool/easylisting.info
real estate,/tool/styldod.com-real-estate-marketing-tools
real estate,/tool/listingturbo.com
real estate,/tool/hello.centropo.com
real estate,/tool/write.homes
real estate,/tool/realtor.com-ai
real estate,/tool/viewit-ai-chatbot.streamlit.app
real estate,/tool/livserv.ai
recipe,/tool/ai-recipes.softr.app
recipe,/tool/chefgpt.xyz
recipe,/tool/unrealmeal.ai
recipe,/tool/letsfoodie.com-ai-recipe-generator
recipe,/tool/bemychef.app
recipe,/tool/mymealplan.ai
recipe,/tool/foodzilla.io
recipe,/tool/recipegpt.art
recipe,/tool/cookaifood.com-282
recipe,/tool/apps.apple.com-gb-app-seazn-id6445919483
recipe,/tool/mealsai.com
recipe,/tool/mrcook.app-en-tools-recipe-generator
recipe,/tool/yougotcooking.com
recipe,/tool/chefai.vercel.app
recipe,/tool/scrappychef.ai
recipe,/tool/mealgenie.ai
recipe,/tool/mangocrisp.com-recipe-1
recipe,/tool/rexipie.com
recipe,/tool/aifoodie.co
recipe,/tool/cupboardcuisine.ai
recipe,/tool/video2recipe.com
recruiting,/tool/resumestudio.careers
recruiting,/tool/applicantai.com-welcome
recruiting,/tool/findem.ai
recruiting,/tool/usemassive.com-auto-apply-wizard-first-step
recruiting,/tool/hirequotient.com-free-jd-generator
recruiting,/tool/hirelake.ai
recruiting,/tool/hirex.ai
recruiting,/tool/interviewai.io
recruiting,/tool/qureos.com-for-recruiters
recruiting,/tool/primecandidate.ai
recruiting,/tool/employer.myways.ai:443-resume-ranker
recruiting,/tool/chattyhiring.com
recruiting,/tool/sourcio.co
recruiting,/tool/profilio.ai
recruiting,/tool/deepbrain.io-ai-interview
recruiting,/tool/endorsed.ai
recruiting,/tool/cvgrader.com
recruiting,/tool/ai.youteam.io
recruiting,/tool/recruitgenius.ai
recruiting,/tool/skillpool.tech
recruiting,/tool/aspect-hq.com
research,/tool/researchrabbit.ai
research,/tool/scisummary.com
research,/tool/plusdocs.com-use-cases-market-research-report
research,/tool/elicit.org
research,/tool/alpharesearch.io
research,/tool/researchpalai.com
research,/tool/researchbuddy.app
research,/tool/typeset.io
research,/tool/heyscience.ai
research,/tool/summarizepaper.com
research,/tool/paperswithcode.com
research,/tool/humata.ai
research,/tool/textlayer.ai
research,/tool/researchstudio.ai
research,/tool/researchaide.org
research,/tool/arxivpaper.vercel.app
research,/tool/genei.io
research,/tool/aomni.com
research,/tool/lumina-chat.com
research,/tool/dataspot.ai
research,/tool/unriddle.ai
resume,/tool/wonsulting.com-resumai
resume,/tool/tealhq.com-tools-resume-builder
resume,/tool/rezi.ai-ai-resume-builder
resume,/tool/deepreview.eu
resume,/tool/rezi.ai-ai-resume-editor
resume,/tool/resumy.app
resume,/tool/resumemaker.online
resume,/tool/resumaker.ai
resume,/tool/jobscan.co
resume,/tool/chatcareer.org
resume,/tool/resumatic.ai
resume,/tool/apps.apple.com-app-resumeai-build-perfect-cv-id6446759590
resume,/tool/resumetrick.com
resume,/tool/chat.cv
resume,/tool/resumechecker.ai
resume,/tool/resoume.com
resume,/tool/resumecheck.net
resume,/tool/leetresumes.com
resume,/tool/resumeboostai.com
resume,/tool/airesume.com
resume,/tool/gregarious-disappears-762616.framer.app
reviews,/tool/looria.com
reviews,/tool/randomgenerate.io-ai-review-generator
reviews,/tool/reviewz.ai
reviews,/tool/phben.ch
reviews,/tool/geniusreview.xyz
reviews,/tool/rezon8ai.com
reviews,/tool/replygenius.ai
reviews,/tool/reviewly.ai
reviews,/tool/chrome.google.com-webstore-detail-review-hero-amazon-produc-oolcapmkeabkpnebkpdmdkfhokbjmien
reviews,/tool/apps.apple.com-tr-app-wiser-smart-social-library-id1480155567
reviews,/tool/embedsocial.com-ai-reviews
reviews,/tool/review-summarizer.com
reviews,/tool/revmake.jamesdev.in
reviews,/tool/ai.reviews.io
reviews,/tool/chrome.google.com-webstore-detail-amy-reviews-amazon-ali-ex-mipnefchpellhkpophgfmefngglacjkl
reviews,/tool/t.me-aireviewbot
reviews,/tool/merchynt.com-roboreply-ai-google-reviews-software
sales,/tool/exactbuyer.com
sales,/tool/ravyn.app
sales,/tool/reply.io
sales,/tool/hellorobin.ai
sales,/tool/outplayhq.com
sales,/tool/inboxpro.io
sales,/tool/traq.ai
sales,/tool/dealcode.ai-lp-sales-ai-message-generator
sales,/tool/trywingman.com
sales,/tool/b2brocket.ai
sales,/tool/salespitch.pro
sales,/tool/getluna.dev
sales,/tool/webtastic.ai
sales,/tool/imernest.ai
sales,/tool/secondnature.ai
sales,/tool/usetwain.com
sales,/tool/lavender.ai
sales,/tool/salesforge.ai
sales,/tool/postaga.com
sales,/tool/bravado.co-salesgpt
sales,/tool/salesmirror.ai
scheduling,/tool/ipso.ai
scheduling,/tool/loopinhq.com-ai
scheduling,/tool/workspace.google.com-marketplace-app-reclaimai-950518663892
scheduling,/tool/soon.works
scheduling,/tool/voyp.app
scheduling,/tool/meetz.ai
scheduling,/tool/celayix.com
scheduling,/tool/mayday.am
scheduling,/tool/sidekickai.com
scheduling,/tool/kalendar.ai
scheduling,/tool/gokatch.com
search,/tool/gptgo.ai
search,/tool/andisearch.com
search,/tool/yoursearch.ai
search,/tool/sidsearch.com
search,/tool/labs.google.com-search
search,/tool/anypod.ai
search,/tool/searcholic.com
search,/tool/findwise.ai
search,/tool/omnisearch.ai
search,/tool/whatonearth.xyz
search,/tool/hippocratic-medical-questions.herokuapp.com
search,/tool/chatonai.org
search,/tool/exploreai.vercel.app
search,/tool/hebbia.ai
search,/tool/nuclia.com
search,/tool/lexii.ai
search,/tool/algolia.com
search,/tool/aifindbag.com
search,/tool/neeva.com
search,/tool/zevi.ai
search,/tool/hotbot.com
security,/tool/goloti.com
security,/tool/trueface.ai
security,/tool/hacker-ai.online
security,/tool/interestedinai.com-ai-content-detector-tool
security,/tool/useguard.com
security,/tool/chrome.google.com-webstore-detail-detect-gpt-oadkgbgppkhoaaoepjbcnjejmkknaobg-related
security,/tool/aiscamdetective.com
security,/tool/chat.capeprivacy.com
security,/tool/smartivity.in-pages-parentivity_bot
security,/tool/greip.io
security,/tool/ambient.ai
security,/tool/ethiack.com
security,/tool/activazon.com
security,/tool/ai.gohush.com
security,/tool/copilot.bugbase.ai-ai
security,/tool/securitybulldog.com
security,/tool/escape.tech-securegpt
security,/tool/berri.ai-reliablekey
security,/tool/deepfakedetector.ai
security,/tool/riskassessmentai.com
security,/tool/aivoicedetector.com
seo,/tool/seovendor.co-seo-gpt
seo,/tool/writesonic.com-ai-article-writer-generator
seo,/tool/linkgraph.io-seo-content-assistant
seo,/tool/seoanaliz.ekayazilim.com.tr
seo,/tool/seoassist.com
seo,/tool/seo.ai
seo,/tool/writesonic.com
seo,/tool/astrid-ai.com-products-shop-seo
seo,/tool/seona.usestyle.ai
seo,/tool/chrome.google.com-webstore-detail-chatgpt-for-search-engine-feeonheemodpkdckaljcjogdncpiiban
seo,/tool/keywrds.ai
seo,/tool/surferseo.com
seo,/tool/markcopy.ai
seo,/tool/usestyle.ai-seona
seo,/tool/outranking.io
seo,/tool/keywordsearch.com
seo,/tool/frase.io
seo,/tool/autowrite.pro
seo,/tool/ctrify.com
seo,/tool/backlinkgpt.com
seo,/tool/seomatic.ai
shopping,/tool/apps.apple.com-app-momo-your-ai-travel-planner-id6446133086
shopping,/tool/app.heygen.com-guest-home
shopping,/tool/cheapgpt.xyz
shopping,/tool/commentanalyzer.com
shopping,/tool/shop.app-ai
shopping,/tool/apps.apple.com-us-app-kayyo-ai-mma-trainer-id1635789596
shopping,/tool/glassit.co
shopping,/tool/supercreator.onelink.me-1uho
shopping,/tool/getcue.ai
shopping,/tool/apps.apple.com-us-app-openai-chatgpt-id6448311069
shopping,/tool/apps.apple.com-us-app-moji-writing-assistant-id6443924609
shopping,/tool/apps.apple.com-us-app-id1661372840
shopping,/tool/apps.apple.com-us-app-ai-pencil-id6444737491
shopping,/tool/hulkhelper-ai.webflow.io
shopping,/tool/blinkn.shop
shopping,/tool/apps.apple.com-us-app-interior-ai-design-any-space-id6449844504
shopping,/tool/apps.apple.com-us-app-captionr-ai-generated-caption-id6447811994
shopping,/tool/inshopapp.net
shopping,/tool/apps.apple.com-us-app-memecam-meme-maker-generator-id6446517243
shopping,/tool/apps.apple.com-br-app-criachef-id6446380461
shopping,/tool/shop.claros.so
social media,/tool/ocoya.com
social media,/tool/sid.black-tools-linkedin-post-generator
social media,/tool/creatus.ai
social media,/tool/tweetstorm.ai
social media,/tool/get.socialbee.io-theresanaiforthat
social media,/tool/shortify.ai
social media,/tool/followr.ai
social media,/tool/socialbu.com
social media,/tool/aisocialbio.com
social media,/tool/feedhive.com
social media,/tool/instasalesai.com
social media,/tool/wonsulting.com-networkai
social media,/tool/creasquare.io
social media,/tool/postwise.ai
social media,/tool/imagetocaption.ai
social media,/tool/flick.social
social media,/tool/taplio.com
social media,/tool/tweetspear.com
social media,/tool/captiongenerator.io
social media,/tool/facecheck.id
social media,/tool/tweethunter.io
software engineering,/tool/tinywow.com
software engineering,/tool/just-prompt.vercel.app
software engineering,/tool/upscored.com
software engineering,/tool/setapp.com-ai
software engineering,/tool/codiga.io
software engineering,/tool/withsutro.com
software engineering,/tool/rangerdevv.gumroad.com-l-caseit
software engineering,/tool/shello-ai.com-homepage
software engineering,/tool/mobile.dev-app-quality-copilot
speech to text,/tool/video2text.de
speech to text,/tool/speechanalyzer.elsaspeak.com
speech to text,/tool/resemble.ai-speech-to-speech
speech to text,/tool/app.yoodli.ai
speech to text,/tool/supertranslate.ai
speech to text,/tool/github.com-openai-whisper
speech to text,/tool/deepgram.com
speech to text,/tool/cockatoo.com
speech to text,/tool/voicetapp.com
speech to text,/tool/textplz.com
speech to text,/tool/dictation.io
speech to text,/tool/speakai.co
speech to text,/tool/whispermemos.com
speech to text,/tool/speechtext.ai
speech to text,/tool/assemblyai.com
speech to text,/tool/aiapply.co
speech to text,/tool/speechflow.io
speech to text,/tool/live-captions.com
speech to text,/tool/fineshare.com-speech-to-text-online
speech to text,/tool/fluxon.ai
speech to text,/tool/apps.apple.com-us-app-ai-speech-to-text-id6445964986
startups,/tool/aistartupideas.com
startups,/tool/validatorai.com
startups,/tool/stratup.ai
startups,/tool/nichefindai.com
startups,/tool/koble.ai-founderfit
startups,/tool/ideasai.com
startups,/tool/aistartup.tools
startups,/tool/startupstudio-ai.com
startups,/tool/startify.softr.app
startups,/tool/raizer.app
startups,/tool/ycmentor.com
startups,/tool/t.me-not_so_creative_bot
startups,/tool/investor-hunter.com
startups,/tool/attain.ai
startups,/tool/pitchleague.ai
startups,/tool/prepfordeal.com
startups,/tool/novable.com
startups,/tool/storybooks.getrewardful.com-signup
story,/tool/dreamily.ai
story,/tool/aistorygenerator.org
story,/tool/aistorygenerator.co
story,/tool/randomgenerate.io-ai-story-generator
story,/tool/storybard.co
story,/tool/talesfactory.app
story,/tool/makemytale.com
story,/tool/novel.page
story,/tool/fabularis.art
story,/tool/storybooks.app
story,/tool/scarlettpanda.com
story,/tool/koodup.com-journey-storyseed
story,/tool/magictales.io
story,/tool/onceuponabot.com
story,/tool/storylab.ai
story,/tool/roryapp.com
story,/tool/voxxio.io
story,/tool/talestime.io
story,/tool/apps.apple.com-gb-app-storyai-ai-generated-stories-id6445949790
story,/tool/ourfictionverse.com
summarization,/tool/solidpoint.ai
summarization,/tool/youtubesummarized.com
summarization,/tool/skipit.ai
summarization,/tool/summarizeit.io
summarization,/tool/scholarcy.com
summarization,/tool/tldrthis.com
summarization,/tool/summate.it
summarization,/tool/upsum.io
summarization,/tool/summary.arguflow.gg
summarization,/tool/upword.ai
summarization,/tool/recapiogpt.com
summarization,/tool/siteexplainer.com
summarization,/tool/wordtune.com-read
summarization,/tool/detangle.ai
summarization,/tool/article-summary.vercel.app
summarization,/tool/summarize.tech
summarization,/tool/smary.pro
summarization,/tool/summarise-me.herokuapp.com
summarization,/tool/skimit.ai
summarization,/tool/pdf2gpt.com
summarization,/tool/home.mediaflows.cloudinary.com-ai-video-summarization
surveys,/tool/vocads.com
surveys,/tool/blocksurvey.io-ai-surveys
surveys,/tool/wayyy.co
surveys,/tool/hotjar.com-product-ai-surveys
surveys,/tool/meetsurvey.com
surveys,/tool/blocksurvey.io
surveys,/tool/crowdprisma.com
surveys,/tool/app.zigpoll.com-sign-up
surveys,/tool/getspatial.ai
surveys,/tool/goholler.ai
task management,/tool/taskabai.com
task management,/tool/smarty.ai
task management,/tool/mindgenie.co
task management,/tool/timemaster.ai
task management,/tool/trickle.so
task management,/tool/simplerlist.com
task management,/tool/personacardai.com
task management,/tool/gptnotes.vercel.app
task management,/tool/studentmate.shuchir.dev
task management,/tool/eyen.fr-taskheat
task management,/tool/todobot.ai
task management,/tool/thinktask.io
task management,/tool/beforesunset.ai
task management,/tool/todo.is
task management,/tool/withdewey.com
task management,/tool/swiftask.ai
task management,/tool/frame.so
task management,/tool/phai.sttabot.io
task management,/tool/autogptjs.com
task management,/tool/doanythingmachine.com
task management,/tool/babystep.ai
technology,/tool/instantdiffusion.com
technology,/tool/beam.eyeware.tech
technology,/tool/picturethisai.com
technology,/tool/texttomusic.app
technology,/tool/nexus.snikpic.io
technology,/tool/chat.lmsys.org
technology,/tool/gpux.ai
technology,/tool/aiisajoke.com
technology,/tool/haijoy.com
technology,/tool/haller.ai
technology,/tool/pipeline.ai
technology,/tool/createaivideos.com
technology,/tool/apps.apple.com-gb-app-ai-get-hired-id1666949127
technology,/tool/helalabs.com
technology,/tool/sonic.up.railway.app
technology,/tool/zenithinnovations.net
technology,/tool/1sewn.com
technology,/tool/app.superagi.com
technology,/tool/sites.google.com-view-lazyreplyapp
technology,/tool/tripnotes.ai
technology,/tool/apps.apple.com-us-app-chat-ai-chatbot-assistant-plus-id1665621226
text generation,/tool/resemble.ai-gpt-3
text generation,/tool/transformer.huggingface.co
text generation,/tool/text-gen.com
text generation,/tool/writewithlaika.com
text generation,/tool/text-generator.io
text generation,/tool/aiundetect.com
text generation,/tool/prompthackers.co-chatgpt-prompt-generator
text generation,/tool/openspokenai.com
text generation,/tool/zerogptai.org
text generation,/tool/paxton.ai
text generation,/tool/context-clue.com
text generation,/tool/anysummary.app
text generation,/instant-tool/wuerstchen
text generation,/tool/magicwrite.netlify.app
text generation,/tool/summarygenerator.ai
text generation,/tool/aitextconverter.com
text generation,/tool/chapple.ai
text generation,/tool/stealthgpt.ai
text generation,/tool/gistai.tech
text generation,/tool/inferkit.com
text generation,/tool/deepbeat.org
text to speech,/tool/elevenlabs.io
text to speech,/tool/speechelo.com-text-to-speech
text to speech,/tool/bigspeak.ai
text to speech,/tool/ttsmaker.com
text to speech,/tool/text-to-speech.online
text to speech,/tool/naturalreaders.com
text to speech,/tool/verbatik.com
text to speech,/tool/createaivoiceovers.com
text to speech,/tool/lovo.ai
text to speech,/tool/audyo.ai
text to speech,/tool/ai-coustics.com-playground
text to speech,/tool/serp.ai-tools-bark-text-to-speech-ai-voice-clone-app
text to speech,/tool/article.audio
text to speech,/tool/fakeyou.com
text to speech,/tool/fineshare.com-online-voice-changer
text to speech,/tool/speechgen.io
text to speech,/tool/vidtoon.com-voicely
text to speech,/tool/filme.imyfone.com-voice-recorder
text to speech,/tool/topmediai.com-text-to-speech-online
text to speech,/tool/murf.ai
text to speech,/tool/aws.amazon.com-polly
therapy,/tool/quackpad.co
therapy,/tool/mindmategpt.com
therapy,/tool/ogimi.ai
therapy,/tool/paradot.ai
therapy,/tool/bffapp.me
therapy,/tool/venty.chat
therapy,/tool/therabot.me
therapy,/tool/lotustherapist.com
therapy,/tool/marcusaurelius.ai
therapy,/tool/chateverafter.com
therapy,/tool/ismywiferight.com
therapy,/tool/robotspiritguide.com
therapy,/tool/tabirim.co
therapy,/tool/freeaitherapist.com
therapy,/tool/apps.apple.com-us-app-chatmirror-id6446114132
therapy,/tool/seanceai.com
therapy,/tool/pagefelt.com
trading,/tool/ai-signals.com
trading,/tool/composer.trade
trading,/tool/morphlin.com
trading,/tool/pionex.com-en-sign-ref-7byd5fow
trading,/tool/trendspider.com
trading,/tool/tradeui.com
trading,/tool/dipsway.com
trading,/tool/cotrader.ai
trading,/tool/chaplin.app
trading,/tool/stockgpt.chat
trading,/tool/quantmatter.com
trading,/tool/blackhedge.io
trading,/tool/ellisense.com
trading,/tool/hoopsai.com
trading,/tool/telescope.co
trading,/tool/snapinnovations.com
trading,/tool/kvants.ai
trading,/tool/advantis.ai
trading,/tool/tradingliteracy.com
trading,/tool/notreload.com
trading,/tool/apps.apple.com-us-app-rupt-stock-analysis-automated-id1583073539
transcription,/tool/freesubtitles.ai
transcription,/tool/riverside.fm-transcription
transcription,/tool/vid2txt.com
transcription,/tool/rythmex.com
transcription,/tool/whisperapi.com
transcription,/tool/otter.ai
transcription,/tool/taption.com-en-US
transcription,/tool/vidtoon.com-streamr
transcription,/tool/talkto.video
transcription,/tool/alphy.app
transcription,/tool/notta.ai-en
transcription,/tool/easyssub.com
transcription,/tool/tactiq.io
transcription,/tool/transcribethis.io
transcription,/tool/transcribeaudio.io
transcription,/tool/listenmonster.com
transcription,/tool/jotengine.com
transcription,/tool/useaifree.com
transcription,/tool/sembly.ai
transcription,/tool/transvribe.com
transcription,/tool/audiotranscription.ai
translation,/tool/translate.video
translation,/tool/machinetranslation.com
translation,/tool/deepl.com
translation,/tool/storya.app
translation,/tool/papercup.com
translation,/tool/experiments.withgoogle.com-thing-translator
translation,/tool/clonable.net
translation,/tool/lingosync.ai-en
translation,/tool/online.hitpaw.com-video-translator.html
translation,/tool/suenagringo.com
translation,/tool/vidby.com
translation,/tool/yous.ai
translation,/tool/dubify.app
translation,/tool/anytalk.ai
translation,/tool/lightapi.com
translation,/tool/pro.wordscope.com
translation,/tool/openl.io
translation,/tool/clonedub.com
translation,/tool/videodubber.cc
translation,/tool/targum.video
translation,/tool/t.me-translate_ai_bot
travel,/tool/eddytravels.ai
travel,/tool/getme.flights
travel,/tool/bestflights.ai
travel,/tool/getaiway.com
travel,/tool/mapsgpt.com
travel,/tool/buildai.space-app-dae3da25-888e-448f-b15c-5a20ca4ca961
travel,/tool/plantrips.net
travel,/tool/travelplan-ai.com
travel,/tool/wonderplan.ai
travel,/tool/livetheworld.com-maya
travel,/tool/journeai.com
travel,/tool/letsroam.app
travel,/tool/usevacay.com-chatbot
travel,/tool/easytrip-ai.com
travel,/tool/aihotelreview.com
travel,/tool/roamaround.app
travel,/tool/joinplayroom.com-games-booom
travel,/tool/travelgpt.art-new
travel,/tool/tripplanner.ai
travel,/tool/journeyplan.co
travel,/tool/visabot.eu
ui/ux,/tool/algorithms.design
ui/ux,/tool/magify.design
ui/ux,/tool/amee.la
ui/ux,/tool/usegalileo.ai
ui/ux,/tool/qoqo.ai
ui/ux,/tool/candyicons.com
ui/ux,/tool/thinkdiffusion.com
ui/ux,/tool/codelessai.vercel.app
ui/ux,/tool/geniusui.carrd.co
ui/ux,/tool/uxsquid.com
ui/ux,/tool/tempolabs.ai
ui/ux,/tool/flowiseai.com
ui/ux,/tool/usefulloremipsum.com
ui/ux,/tool/bapspatil.gumroad.com-l-ux-design-gpt
upscaling,/tool/icons8.com-upscaler
upscaling,/tool/online.hitpaw.com-online-video-enhancer.html
upscaling,/tool/ai.nero.com-image-upscaler
upscaling,/tool/vanceai.com-image-enlarger
upscaling,/tool/hitpaw.com-photo-enhancer.html
upscaling,/tool/imageupscalerai.com
upscaling,/tool/imgupscaler.com
upscaling,/tool/diffus.graviti.com
upscaling,/tool/magnific.ai
upscaling,/tool/upscayl.github.io
video editing,/tool/pictory.ai
video editing,/tool/hey.reface.ai
video editing,/tool/invideo.io
video editing,/tool/nuro.video-en
video editing,/tool/deepfakesweb.com
video editing,/tool/vidyo.ai
video editing,/tool/wavel.ai
video editing,/tool/vidio.ai-tools-ai-video-editor
video editing,/tool/eyeq.photos-automatic-ai-video-enhancement
video editing,/tool/wave.video
video editing,/tool/lumen5.com
video editing,/tool/quickvid.ai
video editing,/tool/supercreator.ai
video editing,/tool/opus.pro
video editing,/tool/2short.ai
video editing,/tool/videoeditorai.com
video editing,/tool/clipmaker.ai
video editing,/tool/captions.ai
video editing,/tool/visla.us
video editing,/tool/clipsai.com
video editing,/tool/smart-ai-transformations.cloudinary.com
video generator,/tool/fliki.ai
video generator,/tool/makeavideo.studio
video generator,/tool/elai.io
video generator,/tool/pika.art
video generator,/tool/filmforge.uwu.ai
video generator,/tool/videogen.io
video generator,/tool/augxlabs.com
video generator,/tool/shuffll.com
video generator,/instant-tool/text-to-video
video generator,/tool/videomaker.welcome.boolv.tech
video generator,/tool/deepbrain.io-aistudios
video generator,/tool/klap.app
video generator,/tool/research.runwayml.com-gen2
video generator,/tool/vidds.co-tools-ai-video-generator
video generator,/tool/d-id.com
video generator,/tool/phenaki.video
video generator,/tool/vidboard.ai
video generator,/tool/plazmapunk.com
video generator,/tool/storyboardhero.ai
video generator,/tool/smilimedia.com
video generator,/tool/peech-ai.com
video,/tool/movio.la
video,/instant-tool/ms-image-to-video
video,/tool/studio.d-id.com
video,/tool/morise.ai
video,/tool/videomind.vercel.app
video,/tool/wzrd.ai
video,/tool/privatgpt.de
video,/tool/colossyan.com
video,/tool/twelvelabs.io
video,/tool/tammy.ai
video,/tool/wowto.ai
video,/tool/ytcopycat.com
video,/tool/woxo.tech-vidgpt
video,/tool/vidiq.com
video,/tool/mangatv.shop
video,/tool/muse.ai
video,/tool/replicate.com-google-research-frame-interpolation
video,/tool/livereacting.com
video,/tool/voxqube.com-dubbingforyoutube
video,/tool/playphrase.me
video,/tool/fineshare.com-finecam
visualization,/tool/chartify.ai
visualization,/tool/chartgpt.dev
visualization,/tool/outline.ninja-demo-infographic-ninja
visualization,/tool/superusapp.com
visualization,/tool/chartai.io
visualization,/tool/mymap.ai-visualstory
visualization,/tool/meetfebin.com-apps-filmflow
visualization,/tool/vizionova.vercel.app
visualization,/tool/github.com-comfyanonymous-comfyui
visualization,/tool/paintit.ai-interior-ai
visualization,/tool/graphy.app-ai
visualization,/tool/baseboard.ai
visualization,/tool/aispect.io
visualization,/tool/slatebox.com
visualization,/tool/bjoernkarmann.dk-project-paragraphica
voice,/tool/voice.ai
voice,/tool/voicegpt.us-welcome
voice,/tool/openvoiceos.com
voice,/tool/stork.ai-aya
voice,/tool/outer-voice.vercel.app
voice,/tool/replicastudios.com
voice,/tool/kits.ai
voice,/tool/chrome.google.com-webstore-detail-promptheus-converse-with-eipjdkbchadnamipponehljdnflolfki
voice,/tool/dasha.ai-en-us
voice,/tool/voiceaiassistant.com
voice,/tool/herotalk.ai
voice,/tool/chrome.google.com-webstore-detail-talk-to-chatgpt-hodadfhfagpiemkeoliaelelfbboamlk
voice,/tool/koe.ai
voice,/tool/narrationbox.com
voice,/tool/cybervoice.io-en
voice,/tool/voiceful.io-demos.html
voice,/tool/elto.ai
voice,/tool/presto.com
voice,/tool/voicegpt.net
voice,/tool/vocol.ai
voice,/tool/evita.ai
web design,/tool/uizard.io
web design,/tool/bookmark.com-ai-website-builder
web design,/tool/studio.design
web design,/tool/uimagic.io
web design,/tool/jit.codes
web design,/tool/fronty.com
web design,/tool/flatlogic.com
web design,/tool/ukit.ai-en
web design,/tool/ai2page.com
web design,/tool/makeforms.io-ai-form-builder
web design,/tool/dreamspace.art
web design,/tool/shuffle.dev-chat
web design,/tool/relume-library.webflow.io-site-builder
web design,/tool/figma.com-community-plugin-1228969298040149016-wireframe-designer
web design,/tool/lemonstocks.tech
web design,/tool/app.sttabot.io-tool-wesearch
web design,/tool/imagegen.tpbraut.repl.co
web design,/tool/gemoo.com-tools-screen-capture
web design,/tool/buzzy.buzz
web design,/tool/vivid.lol
web design,/tool/create.xyz
web scraping,/tool/scum.co
web scraping,/tool/browse.ai
web scraping,/tool/crawly.diffbot.com
web scraping,/tool/lightricks.com-text-to-image
web scraping,/tool/webscrapeai.com
web scraping,/tool/parsers.me
web scraping,/tool/diffbot.com
web scraping,/tool/scrap.so
web scraping,/tool/simplescraper.io-ai
web scraping,/tool/mrscraper.com-ai
web scraping,/tool/kadoa.co
web scraping,/tool/headline-ai.com
web scraping,/tool/gethorseman.app
web scraping,/instant-tool/image-to-story
web scraping,/tool/github.com-samim23-polymath
web scraping,/tool/chrome.google.com-webstore-detail-webchatgpt-lpfemeioodjbpieminkklglpmhlngfcn
web scraping,/tool/chatprep.net
web scraping,/tool/chilloutai.xyz
web scraping,/tool/airparser.com
web scraping,/tool/isomeric.ai
web scraping,/tool/formwise.ai
website builders,/tool/durable.co-ai-website-builder
website builders,/tool/stunning.so
website builders,/tool/getresponse.com-features-website-builder
website builders,/tool/limecube.co
website builders,/tool/codedesign.ai
website builders,/tool/robotofbusiness.com
website builders,/tool/mixo.io
website builders,/tool/snappy.appypie.com-appbuilder-creator-software
website builders,/tool/consumerai.deeprose.eu
website builders,/tool/10web.io
website builders,/tool/iamfy.co-studio
website builders,/tool/aicode-weld.vercel.app
website builders,/tool/weblium.com
website builders,/tool/thepaige.co
website builders,/tool/gptlab.streamlit.app
website builders,/tool/pineapplebuilder.com
website builders,/tool/marketingblocks.ai-hey
website builders,/tool/roamaround.io
website builders,/tool/askstring.com
website builders,/tool/chuckgpt.ai
website builders,/tool/website.ddevi.com
wellness,/tool/lifesage.xyz
wellness,/tool/typingdna.com-focus
wellness,/tool/endel.io
wellness,/tool/guided.rest
wellness,/tool/nightcap.guru
wellness,/tool/endel.io-sleep
wellness,/tool/getmindset.com
writing,/tool/jenni.ai
writing,/tool/getconch.ai
writing,/tool/charley.ai
writing,/tool/freewriterai.com
writing,/tool/betterwriter.ai
writing,/tool/novelistai.com
writing,/tool/glasp.co-ai-writing
writing,/tool/storiesby.ai
writing,/tool/tryarvin.com
writing,/tool/unbounce.com-smart-copy-everywhere
writing,/tool/gomoonbeam.com
writing,/tool/fictiongpt.xyz
writing,/tool/prowritingaid.com
writing,/tool/writelyai.com
writing,/tool/vondy.com
writing,/tool/aiscreenwriter.com
writing,/tool/myessaywriter.ai
writing,/tool/compose.ai
writing,/tool/blognlp.com
writing,/tool/speedwrite.com
writing,/tool/paragraphai.com
ai,/tool/odysseyapp.io
ai,/tool/100daysai.com
ai,/tool/yourecomagent.com
ai,/tool/aicamp.so